Year_x,Laureate_Id_x,Firstname,Lastname,Category_x,Prize_Share_x,Motivation_x,Year_y,Laureate_Id_y,Category_y,Prize_Share_y,Motivation_y
1901,1,Wilhelm Conrad,Röntgen,physics,1,"""in recognition of the extraordinary services he has rendered by the discovery of the remarkable rays subsequently named after him""",1901,1,physics,1,"""in recognition of the extraordinary services he has rendered by the discovery of the remarkable rays subsequently named after him"""
1901,293,Emil,von Behring,medicine,1,"""for his work on serum therapy especially its application against diphtheria by which he has opened a new road in the domain of medical science and thereby placed in the hands of the physician a victorious weapon against illness and deaths""",1901,293,medicine,1,"""for his work on serum therapy especially its application against diphtheria by which he has opened a new road in the domain of medical science and thereby placed in the hands of the physician a victorious weapon against illness and deaths"""
1901,462,Henry,Dunant,peace,2,"""for his humanitarian efforts to help wounded soldiers and create international understanding""",1901,462,peace,2,"""for his humanitarian efforts to help wounded soldiers and create international understanding"""
1901,463,Frédéric,Passy,peace,2,"""for his lifelong work for international peace conferences diplomacy and arbitration""",1901,463,peace,2,"""for his lifelong work for international peace conferences diplomacy and arbitration"""
1901,569,Sully,Prudhomme,literature,1,"""in special recognition of his poetic composition which gives evidence of lofty idealism artistic perfection and a rare combination of the qualities of both heart and intellect""",1901,569,literature,1,"""in special recognition of his poetic composition which gives evidence of lofty idealism artistic perfection and a rare combination of the qualities of both heart and intellect"""
1901,160,Jacobus H.,van 't Hoff,chemistry,1,"""in recognition of the extraordinary services he has rendered by the discovery of the laws of chemical dynamics and osmotic pressure in solutions""",1901,160,chemistry,1,"""in recognition of the extraordinary services he has rendered by the discovery of the laws of chemical dynamics and osmotic pressure in solutions"""
1902,161,Emil,Fischer,chemistry,1,"""in recognition of the extraordinary services he has rendered by his work on sugar and purine syntheses""",1902,161,chemistry,1,"""in recognition of the extraordinary services he has rendered by his work on sugar and purine syntheses"""
1902,571,Theodor,Mommsen,literature,1,"""the greatest living master of the art of historical writing with special reference to his monumental work <I>A history of Rome</I>""",1902,571,literature,1,"""the greatest living master of the art of historical writing with special reference to his monumental work <I>A history of Rome</I>"""
1902,465,Albert,Gobat,peace,2,"""for his eminently practical administration of the Inter-Parliamentary Union""",1902,465,peace,2,"""for his eminently practical administration of the Inter-Parliamentary Union"""
1902,464,Élie,Ducommun,peace,2,"""for his untiring and skilful directorship of the Bern Peace Bureau""",1902,464,peace,2,"""for his untiring and skilful directorship of the Bern Peace Bureau"""
1902,3,Pieter,Zeeman,physics,2,"""in recognition of the extraordinary service they rendered by their researches into the influence of magnetism upon radiation phenomena""",1902,3,physics,2,"""in recognition of the extraordinary service they rendered by their researches into the influence of magnetism upon radiation phenomena"""
1902,294,Ronald,Ross,medicine,1,"""for his work on malaria by which he has shown how it enters the organism and thereby has laid the foundation for successful research on this disease and methods of combating it""",1902,294,medicine,1,"""for his work on malaria by which he has shown how it enters the organism and thereby has laid the foundation for successful research on this disease and methods of combating it"""
1902,2,Hendrik A.,Lorentz,physics,2,"""in recognition of the extraordinary service they rendered by their researches into the influence of magnetism upon radiation phenomena""",1902,2,physics,2,"""in recognition of the extraordinary service they rendered by their researches into the influence of magnetism upon radiation phenomena"""
1903,5,Pierre,Curie,physics,4,"""in recognition of the extraordinary services they have rendered by their joint researches on the radiation phenomena discovered by Professor Henri Becquerel""",1903,5,physics,4,"""in recognition of the extraordinary services they have rendered by their joint researches on the radiation phenomena discovered by Professor Henri Becquerel"""
1903,466,Randal,Cremer,peace,1,"""for his longstanding and devoted effort in favour of the ideas of peace and arbitration""",1903,466,peace,1,"""for his longstanding and devoted effort in favour of the ideas of peace and arbitration"""
1903,4,Henri,Becquerel,physics,2,"""in recognition of the extraordinary services he has rendered by his discovery of spontaneous radioactivity""",1903,4,physics,2,"""in recognition of the extraordinary services he has rendered by his discovery of spontaneous radioactivity"""
1903,6,Marie,Curie,physics,4,"""in recognition of the extraordinary services they have rendered by their joint researches on the radiation phenomena discovered by Professor Henri Becquerel""",1903,6,physics,4,"""in recognition of the extraordinary services they have rendered by their joint researches on the radiation phenomena discovered by Professor Henri Becquerel"""
1903,6,Marie,Curie,physics,4,"""in recognition of the extraordinary services they have rendered by their joint researches on the radiation phenomena discovered by Professor Henri Becquerel""",1911,6,chemistry,1,"""in recognition of her services to the advancement of chemistry by the discovery of the elements radium and polonium by the isolation of radium and the study of the nature and compounds of this remarkable element"""
1903,295,Niels Ryberg,Finsen,medicine,1,"""in recognition of his contribution to the treatment of diseases especially lupus vulgaris with concentrated light radiation whereby he has opened a new avenue for medical science""",1903,295,medicine,1,"""in recognition of his contribution to the treatment of diseases especially lupus vulgaris with concentrated light radiation whereby he has opened a new avenue for medical science"""
1903,572,Bjørnstjerne,Bjørnson,literature,1,"""as a tribute to his noble magnificent and versatile poetry which has always been distinguished by both the freshness of its inspiration and the rare purity of its spirit""",1903,572,literature,1,"""as a tribute to his noble magnificent and versatile poetry which has always been distinguished by both the freshness of its inspiration and the rare purity of its spirit"""
1903,162,Svante,Arrhenius,chemistry,1,"""in recognition of the extraordinary services he has rendered to the advancement of chemistry by his electrolytic theory of dissociation""",1903,162,chemistry,1,"""in recognition of the extraordinary services he has rendered to the advancement of chemistry by his electrolytic theory of dissociation"""
1904,574,José,Echegaray,literature,2,"""in recognition of the numerous and brilliant compositions which in an individual and original manner have revived the great traditions of the Spanish drama""",1904,574,literature,2,"""in recognition of the numerous and brilliant compositions which in an individual and original manner have revived the great traditions of the Spanish drama"""
1904,8,Lord,Rayleigh,physics,1,"""for his investigations of the densities of the most important gases and for his discovery of argon in connection with these studies""",1904,8,physics,1,"""for his investigations of the densities of the most important gases and for his discovery of argon in connection with these studies"""
1904,467,Institute of International Law,,peace,1,"""for its striving in public law to develop peaceful ties between nations and to make the laws of war more humane""",1904,467,peace,1,"""for its striving in public law to develop peaceful ties between nations and to make the laws of war more humane"""
1904,163,Sir William,Ramsay,chemistry,1,"""in recognition of his services in the discovery of the inert gaseous elements in air and his determination of their place in the periodic system""",1904,163,chemistry,1,"""in recognition of his services in the discovery of the inert gaseous elements in air and his determination of their place in the periodic system"""
1904,296,Ivan,Pavlov,medicine,1,"""in recognition of his work on the physiology of digestion through which knowledge on vital aspects of the subject has been transformed and enlarged""",1904,296,medicine,1,"""in recognition of his work on the physiology of digestion through which knowledge on vital aspects of the subject has been transformed and enlarged"""
1904,573,Frédéric,Mistral,literature,2,"""in recognition of the fresh originality and true inspiration of his poetic production which faithfully reflects the natural scenery and native spirit of his people and in addition his significant work as a Proven&ccedil;al philologist""",1904,573,literature,2,"""in recognition of the fresh originality and true inspiration of his poetic production which faithfully reflects the natural scenery and native spirit of his people and in addition his significant work as a Proven&ccedil;al philologist"""
1905,164,Adolf,von Baeyer,chemistry,1,"""in recognition of his services in the advancement of organic chemistry and the chemical industry through his work on organic dyes and hydroaromatic compounds""",1905,164,chemistry,1,"""in recognition of his services in the advancement of organic chemistry and the chemical industry through his work on organic dyes and hydroaromatic compounds"""
1905,575,Henryk,Sienkiewicz,literature,1,"""because of his outstanding merits as an epic writer""",1905,575,literature,1,"""because of his outstanding merits as an epic writer"""
1905,9,Philipp,Lenard,physics,1,"""for his work on cathode rays""",1905,9,physics,1,"""for his work on cathode rays"""
1905,468,Bertha,von Suttner,peace,1,"""for her audacity to oppose the horrors of war""",1905,468,peace,1,"""for her audacity to oppose the horrors of war"""
1905,297,Robert,Koch,medicine,1,"""for his investigations and discoveries in relation to tuberculosis""",1905,297,medicine,1,"""for his investigations and discoveries in relation to tuberculosis"""
1906,576,Giosuè,Carducci,literature,1,"""not only in consideration of his deep learning and critical research but above all as a tribute to the creative energy freshness of style and lyrical force which characterize his poetic masterpieces""",1906,576,literature,1,"""not only in consideration of his deep learning and critical research but above all as a tribute to the creative energy freshness of style and lyrical force which characterize his poetic masterpieces"""
1906,470,Theodore,Roosevelt,peace,1,"""for his role in bringing to an end the bloody war recently waged between two of the world's great powers Japan and Russia""",1906,470,peace,1,"""for his role in bringing to an end the bloody war recently waged between two of the world's great powers Japan and Russia"""
1906,10,J.J.,Thomson,physics,1,"""in recognition of the great merits of his theoretical and experimental investigations on the conduction of electricity by gases""",1906,10,physics,1,"""in recognition of the great merits of his theoretical and experimental investigations on the conduction of electricity by gases"""
1906,299,Santiago,Ramón y Cajal,medicine,2,"""in recognition of their work on the structure of the nervous system""",1906,299,medicine,2,"""in recognition of their work on the structure of the nervous system"""
1906,165,Henri,Moissan,chemistry,1,"""in recognition of the great services rendered by him in his investigation and isolation of the element fluorine and for the adoption in the service of science of the electric furnace called after him""",1906,165,chemistry,1,"""in recognition of the great services rendered by him in his investigation and isolation of the element fluorine and for the adoption in the service of science of the electric furnace called after him"""
1906,298,Camillo,Golgi,medicine,2,"""in recognition of their work on the structure of the nervous system""",1906,298,medicine,2,"""in recognition of their work on the structure of the nervous system"""
1907,300,Alphonse,Laveran,medicine,1,"""in recognition of his work on the role played by protozoa in causing diseases""",1907,300,medicine,1,"""in recognition of his work on the role played by protozoa in causing diseases"""
1907,166,Eduard,Buchner,chemistry,1,"""for his biochemical researches and his discovery of cell-free fermentation""",1907,166,chemistry,1,"""for his biochemical researches and his discovery of cell-free fermentation"""
1907,577,Rudyard,Kipling,literature,1,"""in consideration of the power of observation originality of imagination virility of ideas and remarkable talent for narration which characterize the creations of this world-famous author""",1907,577,literature,1,"""in consideration of the power of observation originality of imagination virility of ideas and remarkable talent for narration which characterize the creations of this world-famous author"""
1907,472,Louis,Renault,peace,2,"""for his decisive influence upon the conduct and outcome of the Hague and Geneva Conferences""",1907,472,peace,2,"""for his decisive influence upon the conduct and outcome of the Hague and Geneva Conferences"""
1907,471,Ernesto Teodoro,Moneta,peace,2,"""for his work in the press and in peace meetings both public and private for an understanding between France and Italy""",1907,471,peace,2,"""for his work in the press and in peace meetings both public and private for an understanding between France and Italy"""
1907,11,Albert A.,Michelson,physics,1,"""for his optical precision instruments and the spectroscopic and metrological investigations carried out with their aid""",1907,11,physics,1,"""for his optical precision instruments and the spectroscopic and metrological investigations carried out with their aid"""
1908,167,Ernest,Rutherford,chemistry,1,"""for his investigations into the disintegration of the elements and the chemistry of radioactive substances""",1908,167,chemistry,1,"""for his investigations into the disintegration of the elements and the chemistry of radioactive substances"""
1908,578,Rudolf,Eucken,literature,1,"""in recognition of his earnest search for truth his penetrating power of thought his wide range of vision and the warmth and strength in presentation with which in his numerous works he has vindicated and developed an idealistic philosophy of life""",1908,578,literature,1,"""in recognition of his earnest search for truth his penetrating power of thought his wide range of vision and the warmth and strength in presentation with which in his numerous works he has vindicated and developed an idealistic philosophy of life"""
1908,474,Fredrik,Bajer,peace,2,"""for their long time work for the cause of peace as politicians peace society leaders orators and authors""",1908,474,peace,2,"""for their long time work for the cause of peace as politicians peace society leaders orators and authors"""
1908,301,Ilya,Mechnikov,medicine,2,"""in recognition of their work on immunity""",1908,301,medicine,2,"""in recognition of their work on immunity"""
1908,302,Paul,Ehrlich,medicine,2,"""in recognition of their work on immunity""",1908,302,medicine,2,"""in recognition of their work on immunity"""
1908,473,Klas Pontus,Arnoldson,peace,2,"""for their long time work for the cause of peace as politicians peace society leaders orators and authors""",1908,473,peace,2,"""for their long time work for the cause of peace as politicians peace society leaders orators and authors"""
1908,12,Gabriel,Lippmann,physics,1,"""for his method of reproducing colours photographically based on the phenomenon of interference""",1908,12,physics,1,"""for his method of reproducing colours photographically based on the phenomenon of interference"""
1909,13,Guglielmo,Marconi,physics,2,"""in recognition of their contributions to the development of wireless telegraphy""",1909,13,physics,2,"""in recognition of their contributions to the development of wireless telegraphy"""
1909,303,Theodor,Kocher,medicine,1,"""for his work on the physiology pathology and surgery of the thyroid gland""",1909,303,medicine,1,"""for his work on the physiology pathology and surgery of the thyroid gland"""
1909,579,Selma,Lagerlöf,literature,1,"""in appreciation of the lofty idealism vivid imagination and spiritual perception that characterize her writings""",1909,579,literature,1,"""in appreciation of the lofty idealism vivid imagination and spiritual perception that characterize her writings"""
1909,168,Wilhelm,Ostwald,chemistry,1,"""in recognition of his work on catalysis and for his investigations into the fundamental principles governing chemical equilibria and rates of reaction""",1909,168,chemistry,1,"""in recognition of his work on catalysis and for his investigations into the fundamental principles governing chemical equilibria and rates of reaction"""
1909,14,Ferdinand,Braun,physics,2,"""in recognition of their contributions to the development of wireless telegraphy""",1909,14,physics,2,"""in recognition of their contributions to the development of wireless telegraphy"""
1909,475,Auguste,Beernaert,peace,2,"""for their prominent position in the international movement for peace and arbitration""",1909,475,peace,2,"""for their prominent position in the international movement for peace and arbitration"""
1909,476,Paul Henri,d'Estournelles de Constant,peace,2,"""for their prominent position in the international movement for peace and arbitration""",1909,476,peace,2,"""for their prominent position in the international movement for peace and arbitration"""
1910,580,Paul,Heyse,literature,1,"""as a tribute to the consummate artistry permeated with idealism which he has demonstrated during his long productive career as a lyric poet dramatist novelist and writer of world-renowned short stories""",1910,580,literature,1,"""as a tribute to the consummate artistry permeated with idealism which he has demonstrated during his long productive career as a lyric poet dramatist novelist and writer of world-renowned short stories"""
1910,477,Permanent International Peace Bureau,,peace,1,"""for acting as a link between the peace societies of the various countries and helping them to organize the world rallies of the international peace movement""",1910,477,peace,1,"""for acting as a link between the peace societies of the various countries and helping them to organize the world rallies of the international peace movement"""
1910,15,Johannes Diderik,van der Waals,physics,1,"""for his work on the equation of state for gases and liquids""",1910,15,physics,1,"""for his work on the equation of state for gases and liquids"""
1910,304,Albrecht,Kossel,medicine,1,"""in recognition of the contributions to our knowledge of cell chemistry made through his work on proteins including the nucleic substances""",1910,304,medicine,1,"""in recognition of the contributions to our knowledge of cell chemistry made through his work on proteins including the nucleic substances"""
1910,169,Otto,Wallach,chemistry,1,"""in recognition of his services to organic chemistry and the chemical industry by his pioneer work in the field of alicyclic compounds""",1910,169,chemistry,1,"""in recognition of his services to organic chemistry and the chemical industry by his pioneer work in the field of alicyclic compounds"""
1911,479,Alfred,Fried,peace,2,"""for his effort to expose and fight what he considers to be the main cause of war namely the anarchy in international relations""",1911,479,peace,2,"""for his effort to expose and fight what he considers to be the main cause of war namely the anarchy in international relations"""
1911,478,Tobias,Asser,peace,2,"""for his role as co-founder of the Institut de droit international initiator of the Conferences on International Private Law (Conférences de Droit international privé) at the Hague and pioneer in the field of international legal relations""",1911,478,peace,2,"""for his role as co-founder of the Institut de droit international initiator of the Conferences on International Private Law (Conférences de Droit international privé) at the Hague and pioneer in the field of international legal relations"""
1911,6,Marie,Curie,chemistry,1,"""in recognition of her services to the advancement of chemistry by the discovery of the elements radium and polonium by the isolation of radium and the study of the nature and compounds of this remarkable element""",1903,6,physics,4,"""in recognition of the extraordinary services they have rendered by their joint researches on the radiation phenomena discovered by Professor Henri Becquerel"""
1911,6,Marie,Curie,chemistry,1,"""in recognition of her services to the advancement of chemistry by the discovery of the elements radium and polonium by the isolation of radium and the study of the nature and compounds of this remarkable element""",1911,6,chemistry,1,"""in recognition of her services to the advancement of chemistry by the discovery of the elements radium and polonium by the isolation of radium and the study of the nature and compounds of this remarkable element"""
1911,16,Wilhelm,Wien,physics,1,"""for his discoveries regarding the laws governing the radiation of heat""",1911,16,physics,1,"""for his discoveries regarding the laws governing the radiation of heat"""
1911,581,Maurice,Maeterlinck,literature,1,"""in appreciation of his many-sided literary activities and especially of his dramatic works which are distinguished by a wealth of imagination and by a poetic fancy which reveals sometimes in the guise of a fairy tale a deep inspiration while in a mysterious way they appeal to the readers' own feelings and stimulate their imaginations""",1911,581,literature,1,"""in appreciation of his many-sided literary activities and especially of his dramatic works which are distinguished by a wealth of imagination and by a poetic fancy which reveals sometimes in the guise of a fairy tale a deep inspiration while in a mysterious way they appeal to the readers' own feelings and stimulate their imaginations"""
1911,305,Allvar,Gullstrand,medicine,1,"""for his work on the dioptrics of the eye""",1911,305,medicine,1,"""for his work on the dioptrics of the eye"""
1912,582,Gerhart,Hauptmann,literature,1,"""primarily in recognition of his fruitful varied and outstanding production in the realm of dramatic art""",1912,582,literature,1,"""primarily in recognition of his fruitful varied and outstanding production in the realm of dramatic art"""
1912,306,Alexis,Carrel,medicine,1,"""in recognition of his work on vascular suture and the transplantation of blood vessels and organs""",1912,306,medicine,1,"""in recognition of his work on vascular suture and the transplantation of blood vessels and organs"""
1912,173,Paul,Sabatier,chemistry,2,"""for his method of hydrogenating organic compounds in the presence of finely disintegrated metals whereby the progress of organic chemistry has been greatly advanced in recent years""",1912,173,chemistry,2,"""for his method of hydrogenating organic compounds in the presence of finely disintegrated metals whereby the progress of organic chemistry has been greatly advanced in recent years"""
1912,172,Victor,Grignard,chemistry,2,"""for the discovery of the so-called Grignard reagent which in recent years has greatly advanced the progress of organic chemistry""",1912,172,chemistry,2,"""for the discovery of the so-called Grignard reagent which in recent years has greatly advanced the progress of organic chemistry"""
1912,17,Gustaf,Dalén,physics,1,"""for his invention of automatic regulators for use in conjunction with gas accumulators for illuminating lighthouses and buoys""",1912,17,physics,1,"""for his invention of automatic regulators for use in conjunction with gas accumulators for illuminating lighthouses and buoys"""
1912,480,Elihu,Root,peace,1,"""for bringing about better understanding between the countries of North and South America and initiating important arbitration agreements between the United States and other countries""",1912,480,peace,1,"""for bringing about better understanding between the countries of North and South America and initiating important arbitration agreements between the United States and other countries"""
1913,307,Charles,Richet,medicine,1,"""in recognition of his work on anaphylaxis""",1913,307,medicine,1,"""in recognition of his work on anaphylaxis"""
1913,174,Alfred,Werner,chemistry,1,"""in recognition of his work on the linkage of atoms in molecules by which he has thrown new light on earlier investigations and opened up new fields of research especially in inorganic chemistry""",1913,174,chemistry,1,"""in recognition of his work on the linkage of atoms in molecules by which he has thrown new light on earlier investigations and opened up new fields of research especially in inorganic chemistry"""
1913,481,Henri,La Fontaine,peace,1,"""for his unparalleled contribution to the organization of peaceful internationalism""",1913,481,peace,1,"""for his unparalleled contribution to the organization of peaceful internationalism"""
1913,583,Rabindranath,Tagore,literature,1,"""because of his profoundly sensitive fresh and beautiful verse by which with consummate skill he has made his poetic thought expressed in his own English words a part of the literature of the West""",1913,583,literature,1,"""because of his profoundly sensitive fresh and beautiful verse by which with consummate skill he has made his poetic thought expressed in his own English words a part of the literature of the West"""
1913,18,Heike,Kamerlingh Onnes,physics,1,"""for his investigations on the properties of matter at low temperatures which led inter alia to the production of liquid helium""",1913,18,physics,1,"""for his investigations on the properties of matter at low temperatures which led inter alia to the production of liquid helium"""
1914,19,Max,von Laue,physics,1,"""for his discovery of the diffraction of X-rays by crystals""",1914,19,physics,1,"""for his discovery of the diffraction of X-rays by crystals"""
1914,308,Robert,Bárány,medicine,1,"""for his work on the physiology and pathology of the vestibular apparatus""",1914,308,medicine,1,"""for his work on the physiology and pathology of the vestibular apparatus"""
1914,175,Theodore W.,Richards,chemistry,1,"""in recognition of his accurate determinations of the atomic weight of a large number of chemical elements""",1914,175,chemistry,1,"""in recognition of his accurate determinations of the atomic weight of a large number of chemical elements"""
1915,20,William,Bragg,physics,2,"""for their services in the analysis of crystal structure by means of X-rays""",1915,20,physics,2,"""for their services in the analysis of crystal structure by means of X-rays"""
1915,21,Lawrence,Bragg,physics,2,"""for their services in the analysis of crystal structure by means of X-rays""",1915,21,physics,2,"""for their services in the analysis of crystal structure by means of X-rays"""
1915,176,Richard,Willstätter,chemistry,1,"""for his researches on plant pigments especially chlorophyll""",1915,176,chemistry,1,"""for his researches on plant pigments especially chlorophyll"""
1915,584,Romain,Rolland,literature,1,"""as a tribute to the lofty idealism of his literary production and to the sympathy and love of truth with which he has described different types of human beings""",1915,584,literature,1,"""as a tribute to the lofty idealism of his literary production and to the sympathy and love of truth with which he has described different types of human beings"""
1916,585,Verner,von Heidenstam,literature,1,"""in recognition of his significance as the leading representative of a new era in our literature""",1916,585,literature,1,"""in recognition of his significance as the leading representative of a new era in our literature"""
1917,482,International Committee of the Red Cross,,peace,1,"""for the efforts to take care of wounded soldiers and prisoners of war and their families""",1917,482,peace,1,"""for the efforts to take care of wounded soldiers and prisoners of war and their families"""
1917,482,International Committee of the Red Cross,,peace,1,"""for the efforts to take care of wounded soldiers and prisoners of war and their families""",1944,482,peace,1,"""for the great work it has performed during the war on behalf of humanity"""
1917,482,International Committee of the Red Cross,,peace,1,"""for the efforts to take care of wounded soldiers and prisoners of war and their families""",1963,482,peace,2,"""for promoting the principles of the Geneva Convention and cooperation with the UN"""
1917,22,Charles Glover,Barkla,physics,1,"""for his discovery of the characteristic R&ouml;ntgen radiation of the elements""",1917,22,physics,1,"""for his discovery of the characteristic R&ouml;ntgen radiation of the elements"""
1917,586,Karl,Gjellerup,literature,2,"""for his varied and rich poetry which is inspired by lofty ideals""",1917,586,literature,2,"""for his varied and rich poetry which is inspired by lofty ideals"""
1917,587,Henrik,Pontoppidan,literature,2,"""for his authentic descriptions of present-day life in Denmark""",1917,587,literature,2,"""for his authentic descriptions of present-day life in Denmark"""
1918,23,Max,Planck,physics,1,"""in recognition of the services he rendered to the advancement of Physics by his discovery of energy quanta""",1918,23,physics,1,"""in recognition of the services he rendered to the advancement of Physics by his discovery of energy quanta"""
1918,177,Fritz,Haber,chemistry,1,"""for the synthesis of ammonia from its elements""",1918,177,chemistry,1,"""for the synthesis of ammonia from its elements"""
1919,483,Woodrow,Wilson,peace,1,"""for his role as founder of the League of Nations""",1919,483,peace,1,"""for his role as founder of the League of Nations"""
1919,309,Jules,Bordet,medicine,1,"""for his discoveries relating to immunity""",1919,309,medicine,1,"""for his discoveries relating to immunity"""
1919,24,Johannes,Stark,physics,1,"""for his discovery of the Doppler effect in canal rays and the splitting of spectral lines in electric fields""",1919,24,physics,1,"""for his discovery of the Doppler effect in canal rays and the splitting of spectral lines in electric fields"""
1919,588,Carl,Spitteler,literature,1,"""in special appreciation of his epic <I>Olympian Spring</I>""",1919,588,literature,1,"""in special appreciation of his epic <I>Olympian Spring</I>"""
1920,25,Charles Edouard,Guillaume,physics,1,"""in recognition of the service he has rendered to precision measurements in Physics by his discovery of anomalies in nickel steel alloys""",1920,25,physics,1,"""in recognition of the service he has rendered to precision measurements in Physics by his discovery of anomalies in nickel steel alloys"""
1920,178,Walther,Nernst,chemistry,1,"""in recognition of his work in thermochemistry""",1920,178,chemistry,1,"""in recognition of his work in thermochemistry"""
1920,310,August,Krogh,medicine,1,"""for his discovery of the capillary motor regulating mechanism""",1920,310,medicine,1,"""for his discovery of the capillary motor regulating mechanism"""
1920,484,Léon,Bourgeois,peace,1,"""for his longstanding contribution to the cause of peace and justice and his prominent role in the establishment of the League of Nations""",1920,484,peace,1,"""for his longstanding contribution to the cause of peace and justice and his prominent role in the establishment of the League of Nations"""
1920,589,Knut,Hamsun,literature,1,"""for his monumental work <I>Growth of the Soil</I>""",1920,589,literature,1,"""for his monumental work <I>Growth of the Soil</I>"""
1921,590,Anatole,France,literature,1,"""in recognition of his brilliant literary achievements characterized as they are by a nobility of style a profound human sympathy grace and a true Gallic temperament""",1921,590,literature,1,"""in recognition of his brilliant literary achievements characterized as they are by a nobility of style a profound human sympathy grace and a true Gallic temperament"""
1921,485,Hjalmar,Branting,peace,2,"""for their lifelong contributions to the cause of peace and organized internationalism""",1921,485,peace,2,"""for their lifelong contributions to the cause of peace and organized internationalism"""
1921,26,Albert,Einstein,physics,1,"""for his services to Theoretical Physics and especially for his discovery of the law of the photoelectric effect""",1921,26,physics,1,"""for his services to Theoretical Physics and especially for his discovery of the law of the photoelectric effect"""
1921,179,Frederick,Soddy,chemistry,1,"""for his contributions to our knowledge of the chemistry of radioactive substances and his investigations into the origin and nature of isotopes""",1921,179,chemistry,1,"""for his contributions to our knowledge of the chemistry of radioactive substances and his investigations into the origin and nature of isotopes"""
1921,486,Christian,Lange,peace,2,"""for their lifelong contributions to the cause of peace and organized internationalism""",1921,486,peace,2,"""for their lifelong contributions to the cause of peace and organized internationalism"""
1922,27,Niels,Bohr,physics,1,"""for his services in the investigation of the structure of atoms and of the radiation emanating from them""",1922,27,physics,1,"""for his services in the investigation of the structure of atoms and of the radiation emanating from them"""
1922,487,Fridtjof,Nansen,peace,1,"""for his leading role in the repatriation of prisoners of war in international relief work and as the League of Nations' High Commissioner for refugees""",1922,487,peace,1,"""for his leading role in the repatriation of prisoners of war in international relief work and as the League of Nations' High Commissioner for refugees"""
1922,180,Francis W.,Aston,chemistry,1,"""for his discovery by means of his mass spectrograph of isotopes in a large number of non-radioactive elements and for his enunciation of the whole-number rule""",1922,180,chemistry,1,"""for his discovery by means of his mass spectrograph of isotopes in a large number of non-radioactive elements and for his enunciation of the whole-number rule"""
1922,312,Otto,Meyerhof,medicine,2,"""for his discovery of the fixed relationship between the consumption of oxygen and the metabolism of lactic acid in the muscle""",1922,312,medicine,2,"""for his discovery of the fixed relationship between the consumption of oxygen and the metabolism of lactic acid in the muscle"""
1922,592,Jacinto,Benavente,literature,1,"""for the happy manner in which he has continued the illustrious traditions of the Spanish drama""",1922,592,literature,1,"""for the happy manner in which he has continued the illustrious traditions of the Spanish drama"""
1922,311,Archibald V.,Hill,medicine,2,"""for his discovery relating to the production of heat in the muscle""",1922,311,medicine,2,"""for his discovery relating to the production of heat in the muscle"""
1923,313,Frederick G.,Banting,medicine,2,"""for the discovery of insulin""",1923,313,medicine,2,"""for the discovery of insulin"""
1923,314,John,Macleod,medicine,2,"""for the discovery of insulin""",1923,314,medicine,2,"""for the discovery of insulin"""
1923,28,Robert A.,Millikan,physics,1,"""for his work on the elementary charge of electricity and on the photoelectric effect""",1923,28,physics,1,"""for his work on the elementary charge of electricity and on the photoelectric effect"""
1923,181,Fritz,Pregl,chemistry,1,"""for his invention of the method of micro-analysis of organic substances""",1923,181,chemistry,1,"""for his invention of the method of micro-analysis of organic substances"""
1923,593,William Butler,Yeats,literature,1,"""for his always inspired poetry which in a highly artistic form gives expression to the spirit of a whole nation""",1923,593,literature,1,"""for his always inspired poetry which in a highly artistic form gives expression to the spirit of a whole nation"""
1924,594,Wladyslaw,Reymont,literature,1,"""for his great national epic <I>The Peasants</I>""",1924,594,literature,1,"""for his great national epic <I>The Peasants</I>"""
1924,315,Willem,Einthoven,medicine,1,"""for his discovery of the mechanism of the electrocardiogram""",1924,315,medicine,1,"""for his discovery of the mechanism of the electrocardiogram"""
1924,29,Manne,Siegbahn,physics,1,"""for his discoveries and research in the field of X-ray spectroscopy""",1924,29,physics,1,"""for his discoveries and research in the field of X-ray spectroscopy"""
1925,30,James,Franck,physics,2,"""for their discovery of the laws governing the impact of an electron upon an atom""",1925,30,physics,2,"""for their discovery of the laws governing the impact of an electron upon an atom"""
1925,31,Gustav,Hertz,physics,2,"""for their discovery of the laws governing the impact of an electron upon an atom""",1925,31,physics,2,"""for their discovery of the laws governing the impact of an electron upon an atom"""
1925,488,Sir Austen,Chamberlain,peace,2,"""for his crucial role in bringing about the Locarno Treaty""",1925,488,peace,2,"""for his crucial role in bringing about the Locarno Treaty"""
1925,489,Charles G.,Dawes,peace,2,"""for his crucial role in bringing about the Dawes Plan""",1925,489,peace,2,"""for his crucial role in bringing about the Dawes Plan"""
1925,182,Richard,Zsigmondy,chemistry,1,"""for his demonstration of the heterogenous nature of colloid solutions and for the methods he used which have since become fundamental in modern colloid chemistry""",1925,182,chemistry,1,"""for his demonstration of the heterogenous nature of colloid solutions and for the methods he used which have since become fundamental in modern colloid chemistry"""
1925,596,George Bernard,Shaw,literature,1,"""for his work which is marked by both idealism and humanity its stimulating satire often being infused with a singular poetic beauty""",1925,596,literature,1,"""for his work which is marked by both idealism and humanity its stimulating satire often being infused with a singular poetic beauty"""
1926,491,Gustav,Stresemann,peace,2,"""for their crucial role in bringing about the Locarno Treaty""",1926,491,peace,2,"""for their crucial role in bringing about the Locarno Treaty"""
1926,490,Aristide,Briand,peace,2,"""for their crucial role in bringing about the Locarno Treaty""",1926,490,peace,2,"""for their crucial role in bringing about the Locarno Treaty"""
1926,597,Grazia,Deledda,literature,1,"""for her idealistically inspired writings which with plastic clarity picture the life on her native island and with depth and sympathy deal with human problems in general""",1926,597,literature,1,"""for her idealistically inspired writings which with plastic clarity picture the life on her native island and with depth and sympathy deal with human problems in general"""
1926,316,Johannes,Fibiger,medicine,1,"""for his discovery of the Spiroptera carcinoma""",1926,316,medicine,1,"""for his discovery of the Spiroptera carcinoma"""
1926,32,Jean Baptiste,Perrin,physics,1,"""for his work on the discontinuous structure of matter and especially for his discovery of sedimentation equilibrium""",1926,32,physics,1,"""for his work on the discontinuous structure of matter and especially for his discovery of sedimentation equilibrium"""
1926,183,The,Svedberg,chemistry,1,"""for his work on disperse systems""",1926,183,chemistry,1,"""for his work on disperse systems"""
1927,600,Henri,Bergson,literature,1,"""in recognition of his rich and vitalizing ideas and the brilliant skill with which they have been presented""",1927,600,literature,1,"""in recognition of his rich and vitalizing ideas and the brilliant skill with which they have been presented"""
1927,493,Ludwig,Quidde,peace,2,"""for their contribution to the emergence in France and Germany of a public opinion which favours peaceful international cooperation""",1927,493,peace,2,"""for their contribution to the emergence in France and Germany of a public opinion which favours peaceful international cooperation"""
1927,33,Arthur H.,Compton,physics,2,"""for his discovery of the effect named after him""",1927,33,physics,2,"""for his discovery of the effect named after him"""
1927,34,C.T.R.,Wilson,physics,2,"""for his method of making the paths of electrically charged particles visible by condensation of vapour""",1927,34,physics,2,"""for his method of making the paths of electrically charged particles visible by condensation of vapour"""
1927,317,Julius,Wagner-Jauregg,medicine,1,"""for his discovery of the therapeutic value of malaria inoculation in the treatment of dementia paralytica""",1927,317,medicine,1,"""for his discovery of the therapeutic value of malaria inoculation in the treatment of dementia paralytica"""
1927,184,Heinrich,Wieland,chemistry,1,"""for his investigations of the constitution of the bile acids and related substances""",1927,184,chemistry,1,"""for his investigations of the constitution of the bile acids and related substances"""
1927,492,Ferdinand,Buisson,peace,2,"""for their contribution to the emergence in France and Germany of a public opinion which favours peaceful international cooperation""",1927,492,peace,2,"""for their contribution to the emergence in France and Germany of a public opinion which favours peaceful international cooperation"""
1928,318,Charles,Nicolle,medicine,1,"""for his work on typhus""",1928,318,medicine,1,"""for his work on typhus"""
1928,185,Adolf,Windaus,chemistry,1,"""for the services rendered through his research into the constitution of the sterols and their connection with the vitamins""",1928,185,chemistry,1,"""for the services rendered through his research into the constitution of the sterols and their connection with the vitamins"""
1928,35,Owen Willans,Richardson,physics,1,"""for his work on the thermionic phenomenon and especially for the discovery of the law named after him""",1928,35,physics,1,"""for his work on the thermionic phenomenon and especially for the discovery of the law named after him"""
1928,601,Sigrid,Undset,literature,1,"""principally for her powerful descriptions of Northern life during the Middle Ages""",1928,601,literature,1,"""principally for her powerful descriptions of Northern life during the Middle Ages"""
1929,186,Arthur,Harden,chemistry,2,"""for their investigations on the fermentation of sugar and fermentative enzymes""",1929,186,chemistry,2,"""for their investigations on the fermentation of sugar and fermentative enzymes"""
1929,187,Hans,von Euler-Chelpin,chemistry,2,"""for their investigations on the fermentation of sugar and fermentative enzymes""",1929,187,chemistry,2,"""for their investigations on the fermentation of sugar and fermentative enzymes"""
1929,319,Christiaan,Eijkman,medicine,2,"""for his discovery of the antineuritic vitamin""",1929,319,medicine,2,"""for his discovery of the antineuritic vitamin"""
1929,36,Louis,de Broglie,physics,1,"""for his discovery of the wave nature of electrons""",1929,36,physics,1,"""for his discovery of the wave nature of electrons"""
1929,602,Thomas,Mann,literature,1,"""principally for his great novel <I>Buddenbrooks</I> which has won steadily increased recognition as one of the classic works of contemporary literature""",1929,602,literature,1,"""principally for his great novel <I>Buddenbrooks</I> which has won steadily increased recognition as one of the classic works of contemporary literature"""
1929,320,Sir Frederick,Hopkins,medicine,2,"""for his discovery of the growth-stimulating vitamins""",1929,320,medicine,2,"""for his discovery of the growth-stimulating vitamins"""
1929,494,Frank B.,Kellogg,peace,1,"""for his crucial role in bringing about the Briand-Kellogg Pact""",1929,494,peace,1,"""for his crucial role in bringing about the Briand-Kellogg Pact"""
1930,603,Sinclair,Lewis,literature,1,"""for his vigorous and graphic art of description and his ability to create with wit and humour new types of characters""",1930,603,literature,1,"""for his vigorous and graphic art of description and his ability to create with wit and humour new types of characters"""
1930,321,Karl,Landsteiner,medicine,1,"""for his discovery of human blood groups""",1930,321,medicine,1,"""for his discovery of human blood groups"""
1930,188,Hans,Fischer,chemistry,1,"""for his researches into the constitution of haemin and chlorophyll and especially for his synthesis of haemin""",1930,188,chemistry,1,"""for his researches into the constitution of haemin and chlorophyll and especially for his synthesis of haemin"""
1930,495,Nathan,Söderblom,peace,1,"""for promoting Christian unity and helping create 'that new attitude of mind which is necessary if peace between nations is to become reality'""",1930,495,peace,1,"""for promoting Christian unity and helping create 'that new attitude of mind which is necessary if peace between nations is to become reality'"""
1930,37,Sir Chandrasekhara Venkata,Raman,physics,1,"""for his work on the scattering of light and for the discovery of the effect named after him""",1930,37,physics,1,"""for his work on the scattering of light and for the discovery of the effect named after him"""
1931,322,Otto,Warburg,medicine,1,"""for his discovery of the nature and mode of action of the respiratory enzyme""",1931,322,medicine,1,"""for his discovery of the nature and mode of action of the respiratory enzyme"""
1931,189,Carl,Bosch,chemistry,2,"""in recognition of their contributions to the invention and development of chemical high pressure methods""",1931,189,chemistry,2,"""in recognition of their contributions to the invention and development of chemical high pressure methods"""
1931,190,Friedrich,Bergius,chemistry,2,"""in recognition of their contributions to the invention and development of chemical high pressure methods""",1931,190,chemistry,2,"""in recognition of their contributions to the invention and development of chemical high pressure methods"""
1931,604,Erik Axel,Karlfeldt,literature,1,"""The poetry of Erik Axel Karlfeldt""",1931,604,literature,1,"""The poetry of Erik Axel Karlfeldt"""
1931,496,Jane,Addams,peace,2,"""for their assiduous effort to revive the ideal of peace and to rekindle the spirit of peace in their own nation and in the whole of mankind""",1931,496,peace,2,"""for their assiduous effort to revive the ideal of peace and to rekindle the spirit of peace in their own nation and in the whole of mankind"""
1931,497,Nicholas Murray,Butler,peace,2,"""for their assiduous effort to revive the ideal of peace and to rekindle the spirit of peace in their own nation and in the whole of mankind""",1931,497,peace,2,"""for their assiduous effort to revive the ideal of peace and to rekindle the spirit of peace in their own nation and in the whole of mankind"""
1932,324,Edgar,Adrian,medicine,2,"""for their discoveries regarding the functions of neurons""",1932,324,medicine,2,"""for their discoveries regarding the functions of neurons"""
1932,323,Sir Charles,Sherrington,medicine,2,"""for their discoveries regarding the functions of neurons""",1932,323,medicine,2,"""for their discoveries regarding the functions of neurons"""
1932,38,Werner,Heisenberg,physics,1,"""for the creation of quantum mechanics the application of which has inter alia led to the discovery of the allotropic forms of hydrogen""",1932,38,physics,1,"""for the creation of quantum mechanics the application of which has inter alia led to the discovery of the allotropic forms of hydrogen"""
1932,605,John,Galsworthy,literature,1,"""for his distinguished art of narration which takes its highest form in <I>The Forsyte Saga</I>""",1932,605,literature,1,"""for his distinguished art of narration which takes its highest form in <I>The Forsyte Saga</I>"""
1932,191,Irving,Langmuir,chemistry,1,"""for his discoveries and investigations in surface chemistry""",1932,191,chemistry,1,"""for his discoveries and investigations in surface chemistry"""
1933,40,Paul A.M.,Dirac,physics,2,"""for the discovery of new productive forms of atomic theory""",1933,40,physics,2,"""for the discovery of new productive forms of atomic theory"""
1933,39,Erwin,Schrödinger,physics,2,"""for the discovery of new productive forms of atomic theory""",1933,39,physics,2,"""for the discovery of new productive forms of atomic theory"""
1933,498,Sir Norman,Angell,peace,1,"""for having exposed by his pen the illusion of war and presented a convincing plea for international cooperation and peace""",1933,498,peace,1,"""for having exposed by his pen the illusion of war and presented a convincing plea for international cooperation and peace"""
1933,325,Thomas H.,Morgan,medicine,1,"""for his discoveries concerning the role played by the chromosome in heredity""",1933,325,medicine,1,"""for his discoveries concerning the role played by the chromosome in heredity"""
1933,606,Ivan,Bunin,literature,1,"""for the strict artistry with which he has carried on the classical Russian traditions in prose writing""",1933,606,literature,1,"""for the strict artistry with which he has carried on the classical Russian traditions in prose writing"""
1934,326,George H.,Whipple,medicine,3,"""for their discoveries concerning liver therapy in cases of anaemia""",1934,326,medicine,3,"""for their discoveries concerning liver therapy in cases of anaemia"""
1934,192,Harold C.,Urey,chemistry,1,"""for his discovery of heavy hydrogen""",1934,192,chemistry,1,"""for his discovery of heavy hydrogen"""
1934,607,Luigi,Pirandello,literature,1,"""for his bold and ingenious revival of dramatic and scenic art""",1934,607,literature,1,"""for his bold and ingenious revival of dramatic and scenic art"""
1934,327,George R.,Minot,medicine,3,"""for their discoveries concerning liver therapy in cases of anaemia""",1934,327,medicine,3,"""for their discoveries concerning liver therapy in cases of anaemia"""
1934,328,William P.,Murphy,medicine,3,"""for their discoveries concerning liver therapy in cases of anaemia""",1934,328,medicine,3,"""for their discoveries concerning liver therapy in cases of anaemia"""
1934,499,Arthur,Henderson,peace,1,"""for his untiring struggle and his courageous efforts as Chairman of the League of Nations Disarmament Conference 1931-34""",1934,499,peace,1,"""for his untiring struggle and his courageous efforts as Chairman of the League of Nations Disarmament Conference 1931-34"""
1935,193,Frédéric,Joliot,chemistry,2,"""in recognition of their synthesis of new radioactive elements""",1935,193,chemistry,2,"""in recognition of their synthesis of new radioactive elements"""
1935,194,Irène,Joliot-Curie,chemistry,2,"""in recognition of their synthesis of new radioactive elements""",1935,194,chemistry,2,"""in recognition of their synthesis of new radioactive elements"""
1935,41,James,Chadwick,physics,1,"""for the discovery of the neutron""",1935,41,physics,1,"""for the discovery of the neutron"""
1935,329,Hans,Spemann,medicine,1,"""for his discovery of the organizer effect in embryonic development""",1935,329,medicine,1,"""for his discovery of the organizer effect in embryonic development"""
1935,500,Carl,von Ossietzky,peace,1,"""for his burning love for freedom of thought and expression and his valuable contribution to the cause of peace""",1935,500,peace,1,"""for his burning love for freedom of thought and expression and his valuable contribution to the cause of peace"""
1936,195,Peter,Debye,chemistry,1,"""for his contributions to our knowledge of molecular structure through his investigations on dipole moments and on the diffraction of X-rays and electrons in gases""",1936,195,chemistry,1,"""for his contributions to our knowledge of molecular structure through his investigations on dipole moments and on the diffraction of X-rays and electrons in gases"""
1936,331,Otto,Loewi,medicine,2,"""for their discoveries relating to chemical transmission of nerve impulses""",1936,331,medicine,2,"""for their discoveries relating to chemical transmission of nerve impulses"""
1936,42,Victor F.,Hess,physics,2,"""for his discovery of cosmic radiation""",1936,42,physics,2,"""for his discovery of cosmic radiation"""
1936,330,Sir Henry,Dale,medicine,2,"""for their discoveries relating to chemical transmission of nerve impulses""",1936,330,medicine,2,"""for their discoveries relating to chemical transmission of nerve impulses"""
1936,43,Carl D.,Anderson,physics,2,"""for his discovery of the positron""",1936,43,physics,2,"""for his discovery of the positron"""
1936,501,Carlos,Saavedra Lamas,peace,1,"""for his role as father of the Argentine Antiwar Pact of 1933 which he also used as a means to mediate peace between Paraguay and Bolivia in 1935""",1936,501,peace,1,"""for his role as father of the Argentine Antiwar Pact of 1933 which he also used as a means to mediate peace between Paraguay and Bolivia in 1935"""
1936,608,Eugene,O'Neill,literature,1,"""for the power honesty and deep-felt emotions of his dramatic works which embody an original concept of tragedy""",1936,608,literature,1,"""for the power honesty and deep-felt emotions of his dramatic works which embody an original concept of tragedy"""
1937,45,George Paget,Thomson,physics,2,"""for their experimental discovery of the diffraction of electrons by crystals""",1937,45,physics,2,"""for their experimental discovery of the diffraction of electrons by crystals"""
1937,332,Albert,Szent-Györgyi,medicine,1,"""for his discoveries in connection with the biological combustion processes with special reference to vitamin C and the catalysis of fumaric acid""",1937,332,medicine,1,"""for his discoveries in connection with the biological combustion processes with special reference to vitamin C and the catalysis of fumaric acid"""
1937,196,Norman,Haworth,chemistry,2,"""for his investigations on carbohydrates and vitamin C""",1937,196,chemistry,2,"""for his investigations on carbohydrates and vitamin C"""
1937,44,Clinton,Davisson,physics,2,"""for their experimental discovery of the diffraction of electrons by crystals""",1937,44,physics,2,"""for their experimental discovery of the diffraction of electrons by crystals"""
1937,502,Robert,Cecil,peace,1,"""for his tireless effort in support of the League of Nations disarmament and peace""",1937,502,peace,1,"""for his tireless effort in support of the League of Nations disarmament and peace"""
1937,609,Roger,Martin du Gard,literature,1,"""for the artistic power and truth with which he has depicted human conflict as well as some fundamental aspects of contemporary life in his novel-cycle <I>Les Thibault</I>""",1937,609,literature,1,"""for the artistic power and truth with which he has depicted human conflict as well as some fundamental aspects of contemporary life in his novel-cycle <I>Les Thibault</I>"""
1937,197,Paul,Karrer,chemistry,2,"""for his investigations on carotenoids flavins and vitamins A and B2""",1937,197,chemistry,2,"""for his investigations on carotenoids flavins and vitamins A and B2"""
1938,46,Enrico,Fermi,physics,1,"""for his demonstrations of the existence of new radioactive elements produced by neutron irradiation and for his related discovery of nuclear reactions brought about by slow neutrons""",1938,46,physics,1,"""for his demonstrations of the existence of new radioactive elements produced by neutron irradiation and for his related discovery of nuclear reactions brought about by slow neutrons"""
1938,198,Richard,Kuhn,chemistry,1,"""for his work on carotenoids and vitamins""",1938,198,chemistry,1,"""for his work on carotenoids and vitamins"""
1938,333,Corneille,Heymans,medicine,1,"""for the discovery of the role played by the sinus and aortic mechanisms in the regulation of respiration""",1938,333,medicine,1,"""for the discovery of the role played by the sinus and aortic mechanisms in the regulation of respiration"""
1938,503,Nansen International Office for Refugees,,peace,1,"""for having carried on the work of Fridtjof Nansen to the benefit of refugees across Europe""",1938,503,peace,1,"""for having carried on the work of Fridtjof Nansen to the benefit of refugees across Europe"""
1938,610,Pearl,Buck,literature,1,"""for her rich and truly epic descriptions of peasant life in China and for her biographical masterpieces""",1938,610,literature,1,"""for her rich and truly epic descriptions of peasant life in China and for her biographical masterpieces"""
1939,334,Gerhard,Domagk,medicine,1,"""for the discovery of the antibacterial effects of prontosil""",1939,334,medicine,1,"""for the discovery of the antibacterial effects of prontosil"""
1939,47,Ernest,Lawrence,physics,1,"""for the invention and development of the cyclotron and for results obtained with it especially with regard to artificial radioactive elements""",1939,47,physics,1,"""for the invention and development of the cyclotron and for results obtained with it especially with regard to artificial radioactive elements"""
1939,200,Leopold,Ruzicka,chemistry,2,"""for his work on polymethylenes and higher terpenes""",1939,200,chemistry,2,"""for his work on polymethylenes and higher terpenes"""
1939,199,Adolf,Butenandt,chemistry,2,"""for his work on sex hormones""",1939,199,chemistry,2,"""for his work on sex hormones"""
1939,613,Frans Eemil,Sillanpää,literature,1,"""for his deep understanding of his country's peasantry and the exquisite art with which he has portrayed their way of life and their relationship with Nature""",1939,613,literature,1,"""for his deep understanding of his country's peasantry and the exquisite art with which he has portrayed their way of life and their relationship with Nature"""
1943,335,Henrik,Dam,medicine,2,"""for his discovery of vitamin K""",1943,335,medicine,2,"""for his discovery of vitamin K"""
1943,336,Edward A.,Doisy,medicine,2,"""for his discovery of the chemical nature of vitamin K""",1943,336,medicine,2,"""for his discovery of the chemical nature of vitamin K"""
1943,201,George,de Hevesy,chemistry,1,"""for his work on the use of isotopes as tracers in the study of chemical processes""",1943,201,chemistry,1,"""for his work on the use of isotopes as tracers in the study of chemical processes"""
1943,48,Otto,Stern,physics,1,"""for his contribution to the development of the molecular ray method and his discovery of the magnetic moment of the proton""",1943,48,physics,1,"""for his contribution to the development of the molecular ray method and his discovery of the magnetic moment of the proton"""
1944,337,Joseph,Erlanger,medicine,2,"""for their discoveries relating to the highly differentiated functions of single nerve fibres""",1944,337,medicine,2,"""for their discoveries relating to the highly differentiated functions of single nerve fibres"""
1944,614,Johannes V.,Jensen,literature,1,"""for the rare strength and fertility of his poetic imagination with which is combined an intellectual curiosity of wide scope and a bold freshly creative style""",1944,614,literature,1,"""for the rare strength and fertility of his poetic imagination with which is combined an intellectual curiosity of wide scope and a bold freshly creative style"""
1944,338,Herbert S.,Gasser,medicine,2,"""for their discoveries relating to the highly differentiated functions of single nerve fibres""",1944,338,medicine,2,"""for their discoveries relating to the highly differentiated functions of single nerve fibres"""
1944,202,Otto,Hahn,chemistry,1,"""for his discovery of the fission of heavy nuclei""",1944,202,chemistry,1,"""for his discovery of the fission of heavy nuclei"""
1944,482,International Committee of the Red Cross,,peace,1,"""for the great work it has performed during the war on behalf of humanity""",1917,482,peace,1,"""for the efforts to take care of wounded soldiers and prisoners of war and their families"""
1944,482,International Committee of the Red Cross,,peace,1,"""for the great work it has performed during the war on behalf of humanity""",1944,482,peace,1,"""for the great work it has performed during the war on behalf of humanity"""
1944,482,International Committee of the Red Cross,,peace,1,"""for the great work it has performed during the war on behalf of humanity""",1963,482,peace,2,"""for promoting the principles of the Geneva Convention and cooperation with the UN"""
1944,49,Isidor Isaac,Rabi,physics,1,"""for his resonance method for recording the magnetic properties of atomic nuclei""",1944,49,physics,1,"""for his resonance method for recording the magnetic properties of atomic nuclei"""
1945,50,Wolfgang,Pauli,physics,1,"""for the discovery of the Exclusion Principle also called the Pauli Principle""",1945,50,physics,1,"""for the discovery of the Exclusion Principle also called the Pauli Principle"""
1945,615,Gabriela,Mistral,literature,1,"""for her lyric poetry which inspired by powerful emotions has made her name a symbol of the idealistic aspirations of the entire Latin American world""",1945,615,literature,1,"""for her lyric poetry which inspired by powerful emotions has made her name a symbol of the idealistic aspirations of the entire Latin American world"""
1945,203,Artturi,Virtanen,chemistry,1,"""for his research and inventions in agricultural and nutrition chemistry especially for his fodder preservation method""",1945,203,chemistry,1,"""for his research and inventions in agricultural and nutrition chemistry especially for his fodder preservation method"""
1945,505,Cordell,Hull,peace,1,"""for his indefatigable work for international understanding and his pivotal role in establishing the United Nations""",1945,505,peace,1,"""for his indefatigable work for international understanding and his pivotal role in establishing the United Nations"""
1945,339,Sir Alexander,Fleming,medicine,3,"""for the discovery of penicillin and its curative effect in various infectious diseases""",1945,339,medicine,3,"""for the discovery of penicillin and its curative effect in various infectious diseases"""
1945,340,Ernst B.,Chain,medicine,3,"""for the discovery of penicillin and its curative effect in various infectious diseases""",1945,340,medicine,3,"""for the discovery of penicillin and its curative effect in various infectious diseases"""
1945,341,Sir Howard,Florey,medicine,3,"""for the discovery of penicillin and its curative effect in various infectious diseases""",1945,341,medicine,3,"""for the discovery of penicillin and its curative effect in various infectious diseases"""
1946,507,John R.,Mott,peace,2,"""for his contribution to the creation of a peace-promoting religious brotherhood across national boundaries""",1946,507,peace,2,"""for his contribution to the creation of a peace-promoting religious brotherhood across national boundaries"""
1946,51,Percy W.,Bridgman,physics,1,"""for the invention of an apparatus to produce extremely high pressures and for the discoveries he made therewith in the field of high pressure physics""",1946,51,physics,1,"""for the invention of an apparatus to produce extremely high pressures and for the discoveries he made therewith in the field of high pressure physics"""
1946,204,James B.,Sumner,chemistry,2,"""for his discovery that enzymes can be crystallized""",1946,204,chemistry,2,"""for his discovery that enzymes can be crystallized"""
1946,205,John H.,Northrop,chemistry,4,"""for their preparation of enzymes and virus proteins in a pure form""",1946,205,chemistry,4,"""for their preparation of enzymes and virus proteins in a pure form"""
1946,206,Wendell M.,Stanley,chemistry,4,"""for their preparation of enzymes and virus proteins in a pure form""",1946,206,chemistry,4,"""for their preparation of enzymes and virus proteins in a pure form"""
1946,342,Hermann J.,Muller,medicine,1,"""for the discovery of the production of mutations by means of X-ray irradiation""",1946,342,medicine,1,"""for the discovery of the production of mutations by means of X-ray irradiation"""
1946,506,Emily Greene,Balch,peace,2,"""for her lifelong work for the cause of peace""",1946,506,peace,2,"""for her lifelong work for the cause of peace"""
1946,617,Hermann,Hesse,literature,1,"""for his inspired writings which while growing in boldness and penetration exemplify the classical humanitarian ideals and high qualities of style""",1946,617,literature,1,"""for his inspired writings which while growing in boldness and penetration exemplify the classical humanitarian ideals and high qualities of style"""
1947,344,Gerty,Cori,medicine,4,"""for their discovery of the course of the catalytic conversion of glycogen""",1947,344,medicine,4,"""for their discovery of the course of the catalytic conversion of glycogen"""
1947,345,Bernardo,Houssay,medicine,2,"""for his discovery of the part played by the hormone of the anterior pituitary lobe in the metabolism of sugar""",1947,345,medicine,2,"""for his discovery of the part played by the hormone of the anterior pituitary lobe in the metabolism of sugar"""
1947,52,Edward V.,Appleton,physics,1,"""for his investigations of the physics of the upper atmosphere especially for the discovery of the so-called Appleton layer""",1947,52,physics,1,"""for his investigations of the physics of the upper atmosphere especially for the discovery of the so-called Appleton layer"""
1947,618,André,Gide,literature,1,"""for his comprehensive and artistically significant writings in which human problems and conditions have been presented with a fearless love of truth and keen psychological insight""",1947,618,literature,1,"""for his comprehensive and artistically significant writings in which human problems and conditions have been presented with a fearless love of truth and keen psychological insight"""
1947,207,Sir Robert,Robinson,chemistry,1,"""for his investigations on plant products of biological importance especially the alkaloids""",1947,207,chemistry,1,"""for his investigations on plant products of biological importance especially the alkaloids"""
1947,508,Friends Service Council,,peace,2,"""for their pioneering work in the international peace movement and compassionate effort to relieve human suffering thereby promoting the fraternity between nations""",1947,508,peace,2,"""for their pioneering work in the international peace movement and compassionate effort to relieve human suffering thereby promoting the fraternity between nations"""
1947,509,American Friends Service Committee,,peace,2,"""for their pioneering work in the international peace movement and compassionate effort to relieve human suffering thereby promoting the fraternity between nations""",1947,509,peace,2,"""for their pioneering work in the international peace movement and compassionate effort to relieve human suffering thereby promoting the fraternity between nations"""
1947,343,Carl,Cori,medicine,4,"""for their discovery of the course of the catalytic conversion of glycogen""",1947,343,medicine,4,"""for their discovery of the course of the catalytic conversion of glycogen"""
1948,346,Paul,Müller,medicine,1,"""for his discovery of the high efficiency of DDT as a contact poison against several arthropods""",1948,346,medicine,1,"""for his discovery of the high efficiency of DDT as a contact poison against several arthropods"""
1948,619,T.S.,Eliot,literature,1,"""for his outstanding pioneer contribution to present-day poetry""",1948,619,literature,1,"""for his outstanding pioneer contribution to present-day poetry"""
1948,208,Arne,Tiselius,chemistry,1,"""for his research on electrophoresis and adsorption analysis especially for his discoveries concerning the complex nature of the serum proteins""",1948,208,chemistry,1,"""for his research on electrophoresis and adsorption analysis especially for his discoveries concerning the complex nature of the serum proteins"""
1948,53,Patrick M.S.,Blackett,physics,1,"""for his development of the Wilson cloud chamber method and his discoveries therewith in the fields of nuclear physics and cosmic radiation""",1948,53,physics,1,"""for his development of the Wilson cloud chamber method and his discoveries therewith in the fields of nuclear physics and cosmic radiation"""
1949,348,Egas,Moniz,medicine,2,"""for his discovery of the therapeutic value of leucotomy in certain psychoses""",1949,348,medicine,2,"""for his discovery of the therapeutic value of leucotomy in certain psychoses"""
1949,209,William F.,Giauque,chemistry,1,"""for his contributions in the field of chemical thermodynamics particularly concerning the behaviour of substances at extremely low temperatures""",1949,209,chemistry,1,"""for his contributions in the field of chemical thermodynamics particularly concerning the behaviour of substances at extremely low temperatures"""
1949,347,Walter,Hess,medicine,2,"""for his discovery of the functional organization of the interbrain as a coordinator of the activities of the internal organs""",1949,347,medicine,2,"""for his discovery of the functional organization of the interbrain as a coordinator of the activities of the internal organs"""
1949,620,William,Faulkner,literature,1,"""for his powerful and artistically unique contribution to the modern American novel""",1949,620,literature,1,"""for his powerful and artistically unique contribution to the modern American novel"""
1949,510,John,Boyd Orr,peace,1,"""for his lifelong effort to conquer hunger and want thereby helping to remove a major cause of military conflict and war""",1949,510,peace,1,"""for his lifelong effort to conquer hunger and want thereby helping to remove a major cause of military conflict and war"""
1949,54,Hideki,Yukawa,physics,1,"""for his prediction of the existence of mesons on the basis of theoretical work on nuclear forces""",1949,54,physics,1,"""for his prediction of the existence of mesons on the basis of theoretical work on nuclear forces"""
1950,621,Bertrand,Russell,literature,1,"""in recognition of his varied and significant writings in which he champions humanitarian ideals and freedom of thought""",1950,621,literature,1,"""in recognition of his varied and significant writings in which he champions humanitarian ideals and freedom of thought"""
1950,511,Ralph,Bunche,peace,1,"""for his work as mediator in Palestine in 1948-1949""",1950,511,peace,1,"""for his work as mediator in Palestine in 1948-1949"""
1950,351,Philip S.,Hench,medicine,3,"""for their discoveries relating to the hormones of the adrenal cortex their structure and biological effects""",1950,351,medicine,3,"""for their discoveries relating to the hormones of the adrenal cortex their structure and biological effects"""
1950,350,Tadeus,Reichstein,medicine,3,"""for their discoveries relating to the hormones of the adrenal cortex their structure and biological effects""",1950,350,medicine,3,"""for their discoveries relating to the hormones of the adrenal cortex their structure and biological effects"""
1950,349,Edward C.,Kendall,medicine,3,"""for their discoveries relating to the hormones of the adrenal cortex their structure and biological effects""",1950,349,medicine,3,"""for their discoveries relating to the hormones of the adrenal cortex their structure and biological effects"""
1950,211,Kurt,Alder,chemistry,2,"""for their discovery and development of the diene synthesis""",1950,211,chemistry,2,"""for their discovery and development of the diene synthesis"""
1950,55,Cecil,Powell,physics,1,"""for his development of the photographic method of studying nuclear processes and his discoveries regarding mesons made with this method""",1950,55,physics,1,"""for his development of the photographic method of studying nuclear processes and his discoveries regarding mesons made with this method"""
1950,210,Otto,Diels,chemistry,2,"""for their discovery and development of the diene synthesis""",1950,210,chemistry,2,"""for their discovery and development of the diene synthesis"""
1951,512,Léon,Jouhaux,peace,1,"""for having devoted his life to the fight against war through the promotion of social justice and brotherhood among men and nations""",1951,512,peace,1,"""for having devoted his life to the fight against war through the promotion of social justice and brotherhood among men and nations"""
1951,622,Pär,Lagerkvist,literature,1,"""for the artistic vigour and true independence of mind with which he endeavours in his poetry to find answers to the eternal questions confronting mankind""",1951,622,literature,1,"""for the artistic vigour and true independence of mind with which he endeavours in his poetry to find answers to the eternal questions confronting mankind"""
1951,57,Ernest T.S.,Walton,physics,2,"""for their pioneer work on the transmutation of atomic nuclei by artificially accelerated atomic particles""",1951,57,physics,2,"""for their pioneer work on the transmutation of atomic nuclei by artificially accelerated atomic particles"""
1951,56,John,Cockcroft,physics,2,"""for their pioneer work on the transmutation of atomic nuclei by artificially accelerated atomic particles""",1951,56,physics,2,"""for their pioneer work on the transmutation of atomic nuclei by artificially accelerated atomic particles"""
1951,212,Edwin M.,McMillan,chemistry,2,"""for their discoveries in the chemistry of the transuranium elements""",1951,212,chemistry,2,"""for their discoveries in the chemistry of the transuranium elements"""
1951,352,Max,Theiler,medicine,1,"""for his discoveries concerning yellow fever and how to combat it""",1951,352,medicine,1,"""for his discoveries concerning yellow fever and how to combat it"""
1951,213,Glenn T.,Seaborg,chemistry,2,"""for their discoveries in the chemistry of the transuranium elements""",1951,213,chemistry,2,"""for their discoveries in the chemistry of the transuranium elements"""
1952,58,Felix,Bloch,physics,2,"""for their development of new methods for nuclear magnetic precision measurements and discoveries in connection therewith""",1952,58,physics,2,"""for their development of new methods for nuclear magnetic precision measurements and discoveries in connection therewith"""
1952,215,Richard L.M.,Synge,chemistry,2,"""for their invention of partition chromatography""",1952,215,chemistry,2,"""for their invention of partition chromatography"""
1952,513,Albert,Schweitzer,peace,1,"""for his altruism reverence for life and tireless humanitarian work which has helped making the idea of brotherhood between men and nations a living one""",1952,513,peace,1,"""for his altruism reverence for life and tireless humanitarian work which has helped making the idea of brotherhood between men and nations a living one"""
1952,353,Selman A.,Waksman,medicine,1,"""for his discovery of streptomycin the first antibiotic effective against tuberculosis""",1952,353,medicine,1,"""for his discovery of streptomycin the first antibiotic effective against tuberculosis"""
1952,214,Archer J.P.,Martin,chemistry,2,"""for their invention of partition chromatography""",1952,214,chemistry,2,"""for their invention of partition chromatography"""
1952,59,E. M.,Purcell,physics,2,"""for their development of new methods for nuclear magnetic precision measurements and discoveries in connection therewith""",1952,59,physics,2,"""for their development of new methods for nuclear magnetic precision measurements and discoveries in connection therewith"""
1952,623,François,Mauriac,literature,1,"""for the deep spiritual insight and the artistic intensity with which he has in his novels penetrated the drama of human life""",1952,623,literature,1,"""for the deep spiritual insight and the artistic intensity with which he has in his novels penetrated the drama of human life"""
1953,514,George C.,Marshall,peace,1,"""for proposing and supervising the plan for the economic recovery of Europe""",1953,514,peace,1,"""for proposing and supervising the plan for the economic recovery of Europe"""
1953,354,Hans,Krebs,medicine,2,"""for his discovery of the citric acid cycle""",1953,354,medicine,2,"""for his discovery of the citric acid cycle"""
1953,355,Fritz,Lipmann,medicine,2,"""for his discovery of co-enzyme A and its importance for intermediary metabolism""",1953,355,medicine,2,"""for his discovery of co-enzyme A and its importance for intermediary metabolism"""
1953,60,Frits,Zernike,physics,1,"""for his demonstration of the phase contrast method especially for his invention of the phase contrast microscope""",1953,60,physics,1,"""for his demonstration of the phase contrast method especially for his invention of the phase contrast microscope"""
1953,216,Hermann,Staudinger,chemistry,1,"""for his discoveries in the field of macromolecular chemistry""",1953,216,chemistry,1,"""for his discoveries in the field of macromolecular chemistry"""
1953,624,Winston,Churchill,literature,1,"""for his mastery of historical and biographical description as well as for brilliant oratory in defending exalted human values""",1953,624,literature,1,"""for his mastery of historical and biographical description as well as for brilliant oratory in defending exalted human values"""
1954,356,John F.,Enders,medicine,3,"""for their discovery of the ability of poliomyelitis viruses to grow in cultures of various types of tissue""",1954,356,medicine,3,"""for their discovery of the ability of poliomyelitis viruses to grow in cultures of various types of tissue"""
1954,357,Thomas H.,Weller,medicine,3,"""for their discovery of the ability of poliomyelitis viruses to grow in cultures of various types of tissue""",1954,357,medicine,3,"""for their discovery of the ability of poliomyelitis viruses to grow in cultures of various types of tissue"""
1954,358,Frederick C.,Robbins,medicine,3,"""for their discovery of the ability of poliomyelitis viruses to grow in cultures of various types of tissue""",1954,358,medicine,3,"""for their discovery of the ability of poliomyelitis viruses to grow in cultures of various types of tissue"""
1954,217,Linus,Pauling,chemistry,1,"""for his research into the nature of the chemical bond and its application to the elucidation of the structure of complex substances""",1954,217,chemistry,1,"""for his research into the nature of the chemical bond and its application to the elucidation of the structure of complex substances"""
1954,217,Linus,Pauling,chemistry,1,"""for his research into the nature of the chemical bond and its application to the elucidation of the structure of complex substances""",1962,217,peace,1,"""for his fight against the nuclear arms race between East and West"""
1954,61,Max,Born,physics,2,"""for his fundamental research in quantum mechanics especially for his statistical interpretation of the wavefunction""",1954,61,physics,2,"""for his fundamental research in quantum mechanics especially for his statistical interpretation of the wavefunction"""
1954,62,Walther,Bothe,physics,2,"""for the coincidence method and his discoveries made therewith""",1954,62,physics,2,"""for the coincidence method and his discoveries made therewith"""
1954,625,Ernest,Hemingway,literature,1,"""for his mastery of the art of narrative most recently demonstrated in <I>The Old Man and the Sea</I> and for the influence that he has exerted on contemporary style""",1954,625,literature,1,"""for his mastery of the art of narrative most recently demonstrated in <I>The Old Man and the Sea</I> and for the influence that he has exerted on contemporary style"""
1954,515,Office of the United Nations High Commissioner for Refugees,,peace,1,"""for its efforts to heal the wounds of war by providing help and protection to refugees all over the world""",1954,515,peace,1,"""for its efforts to heal the wounds of war by providing help and protection to refugees all over the world"""
1954,515,Office of the United Nations High Commissioner for Refugees,,peace,1,"""for its efforts to heal the wounds of war by providing help and protection to refugees all over the world""",1981,515,peace,1,"""for promoting the fundamental rights of refugees"""
1955,626,Halldór,Laxness,literature,1,"""for his vivid epic power which has renewed the great narrative art of Iceland""",1955,626,literature,1,"""for his vivid epic power which has renewed the great narrative art of Iceland"""
1955,64,Polykarp,Kusch,physics,2,"""for his precision determination of the magnetic moment of the electron""",1955,64,physics,2,"""for his precision determination of the magnetic moment of the electron"""
1955,63,Willis E.,Lamb,physics,2,"""for his discoveries concerning the fine structure of the hydrogen spectrum""",1955,63,physics,2,"""for his discoveries concerning the fine structure of the hydrogen spectrum"""
1955,359,Hugo,Theorell,medicine,1,"""for his discoveries concerning the nature and mode of action of oxidation enzymes""",1955,359,medicine,1,"""for his discoveries concerning the nature and mode of action of oxidation enzymes"""
1955,218,Vincent,du Vigneaud,chemistry,1,"""for his work on biochemically important sulphur compounds especially for the first synthesis of a polypeptide hormone""",1955,218,chemistry,1,"""for his work on biochemically important sulphur compounds especially for the first synthesis of a polypeptide hormone"""
1956,361,Werner,Forssmann,medicine,3,"""for their discoveries concerning heart catheterization and pathological changes in the circulatory system""",1956,361,medicine,3,"""for their discoveries concerning heart catheterization and pathological changes in the circulatory system"""
1956,360,André F.,Cournand,medicine,3,"""for their discoveries concerning heart catheterization and pathological changes in the circulatory system""",1956,360,medicine,3,"""for their discoveries concerning heart catheterization and pathological changes in the circulatory system"""
1956,67,Walter H.,Brattain,physics,3,"""for their researches on semiconductors and their discovery of the transistor effect""",1956,67,physics,3,"""for their researches on semiconductors and their discovery of the transistor effect"""
1956,220,Nikolay,Semenov,chemistry,2,"""for their researches into the mechanism of chemical reactions""",1956,220,chemistry,2,"""for their researches into the mechanism of chemical reactions"""
1956,219,Sir Cyril,Hinshelwood,chemistry,2,"""for their researches into the mechanism of chemical reactions""",1956,219,chemistry,2,"""for their researches into the mechanism of chemical reactions"""
1956,66,John,Bardeen,physics,3,"""for their researches on semiconductors and their discovery of the transistor effect""",1956,66,physics,3,"""for their researches on semiconductors and their discovery of the transistor effect"""
1956,66,John,Bardeen,physics,3,"""for their researches on semiconductors and their discovery of the transistor effect""",1972,66,physics,3,"""for their jointly developed theory of superconductivity usually called the BCS-theory"""
1956,65,William B.,Shockley,physics,3,"""for their researches on semiconductors and their discovery of the transistor effect""",1956,65,physics,3,"""for their researches on semiconductors and their discovery of the transistor effect"""
1956,362,Dickinson W.,Richards,medicine,3,"""for their discoveries concerning heart catheterization and pathological changes in the circulatory system""",1956,362,medicine,3,"""for their discoveries concerning heart catheterization and pathological changes in the circulatory system"""
1956,627,Juan Ramón,Jiménez,literature,1,"""for his lyrical poetry which in Spanish language constitutes an example of high spirit and artistical purity""",1956,627,literature,1,"""for his lyrical poetry which in Spanish language constitutes an example of high spirit and artistical purity"""
1957,68,Chen Ning,Yang,physics,2,"""for their penetrating investigation of the so-called parity laws which has led to important discoveries regarding the elementary particles""",1957,68,physics,2,"""for their penetrating investigation of the so-called parity laws which has led to important discoveries regarding the elementary particles"""
1957,516,Lester Bowles,Pearson,peace,1,"""for his crucial contribution to the deployment of a United Nations Emergency Force in the wake of the Suez Crisis""",1957,516,peace,1,"""for his crucial contribution to the deployment of a United Nations Emergency Force in the wake of the Suez Crisis"""
1957,221,Lord,Todd,chemistry,1,"""for his work on nucleotides and nucleotide co-enzymes""",1957,221,chemistry,1,"""for his work on nucleotides and nucleotide co-enzymes"""
1957,69,Tsung-Dao,Lee,physics,2,"""for their penetrating investigation of the so-called parity laws which has led to important discoveries regarding the elementary particles""",1957,69,physics,2,"""for their penetrating investigation of the so-called parity laws which has led to important discoveries regarding the elementary particles"""
1957,628,Albert,Camus,literature,1,"""for his important literary production which with clear-sighted earnestness illuminates the problems of the human conscience in our times""",1957,628,literature,1,"""for his important literary production which with clear-sighted earnestness illuminates the problems of the human conscience in our times"""
1957,363,Daniel,Bovet,medicine,1,"""for his discoveries relating to synthetic compounds that inhibit the action of certain body substances and especially their action on the vascular system and the skeletal muscles""",1957,363,medicine,1,"""for his discoveries relating to synthetic compounds that inhibit the action of certain body substances and especially their action on the vascular system and the skeletal muscles"""
1958,222,Frederick,Sanger,chemistry,1,"""for his work on the structure of proteins especially that of insulin""",1958,222,chemistry,1,"""for his work on the structure of proteins especially that of insulin"""
1958,222,Frederick,Sanger,chemistry,1,"""for his work on the structure of proteins especially that of insulin""",1980,222,chemistry,4,"""for their contributions concerning the determination of base sequences in nucleic acids"""
1958,517,Georges,Pire,peace,1,"""for his efforts to help refugees to leave their camps and return to a life of freedom and dignity""",1958,517,peace,1,"""for his efforts to help refugees to leave their camps and return to a life of freedom and dignity"""
1958,365,Edward,Tatum,medicine,4,"""for their discovery that genes act by regulating definite chemical events""",1958,365,medicine,4,"""for their discovery that genes act by regulating definite chemical events"""
1958,366,Joshua,Lederberg,medicine,2,"""for his discoveries concerning genetic recombination and the organization of the genetic material of bacteria""",1958,366,medicine,2,"""for his discoveries concerning genetic recombination and the organization of the genetic material of bacteria"""
1958,629,Boris,Pasternak,literature,1,"""for his important achievement both in contemporary lyrical poetry and in the field of the great Russian epic tradition""",1958,629,literature,1,"""for his important achievement both in contemporary lyrical poetry and in the field of the great Russian epic tradition"""
1958,721,Il´ja M.,Frank,physics,3,"""for the discovery and the interpretation of the Cherenkov effect""",1958,721,physics,3,"""for the discovery and the interpretation of the Cherenkov effect"""
1958,71,Igor Y.,Tamm,physics,3,"""for the discovery and the interpretation of the Cherenkov effect""",1958,71,physics,3,"""for the discovery and the interpretation of the Cherenkov effect"""
1958,70,Pavel A.,Cherenkov,physics,3,"""for the discovery and the interpretation of the Cherenkov effect""",1958,70,physics,3,"""for the discovery and the interpretation of the Cherenkov effect"""
1958,364,George,Beadle,medicine,4,"""for their discovery that genes act by regulating definite chemical events""",1958,364,medicine,4,"""for their discovery that genes act by regulating definite chemical events"""
1959,368,Arthur,Kornberg,medicine,2,"""for their discovery of the mechanisms in the biological synthesis of ribonucleic acid and deoxyribonucleic acid""",1959,368,medicine,2,"""for their discovery of the mechanisms in the biological synthesis of ribonucleic acid and deoxyribonucleic acid"""
1959,223,Jaroslav,Heyrovsky,chemistry,1,"""for his discovery and development of the polarographic methods of analysis""",1959,223,chemistry,1,"""for his discovery and development of the polarographic methods of analysis"""
1959,73,Owen,Chamberlain,physics,2,"""for their discovery of the antiproton""",1959,73,physics,2,"""for their discovery of the antiproton"""
1959,72,Emilio,Segrè,physics,2,"""for their discovery of the antiproton""",1959,72,physics,2,"""for their discovery of the antiproton"""
1959,367,Severo,Ochoa,medicine,2,"""for their discovery of the mechanisms in the biological synthesis of ribonucleic acid and deoxyribonucleic acid""",1959,367,medicine,2,"""for their discovery of the mechanisms in the biological synthesis of ribonucleic acid and deoxyribonucleic acid"""
1959,518,Philip,Noel-Baker,peace,1,"""for his longstanding contribution to the cause of disarmament and peace""",1959,518,peace,1,"""for his longstanding contribution to the cause of disarmament and peace"""
1959,630,Salvatore,Quasimodo,literature,1,"""for his lyrical poetry which with classical fire expresses the tragic experience of life in our own times""",1959,630,literature,1,"""for his lyrical poetry which with classical fire expresses the tragic experience of life in our own times"""
1960,370,Peter,Medawar,medicine,2,"""for discovery of acquired immunological tolerance""",1960,370,medicine,2,"""for discovery of acquired immunological tolerance"""
1960,74,Donald A.,Glaser,physics,1,"""for the invention of the bubble chamber""",1960,74,physics,1,"""for the invention of the bubble chamber"""
1960,369,Sir Frank Macfarlane,Burnet,medicine,2,"""for discovery of acquired immunological tolerance""",1960,369,medicine,2,"""for discovery of acquired immunological tolerance"""
1960,631,Saint-John,Perse,literature,1,"""for the soaring flight and the evocative imagery of his poetry which in a visionary fashion reflects the conditions of our time""",1960,631,literature,1,"""for the soaring flight and the evocative imagery of his poetry which in a visionary fashion reflects the conditions of our time"""
1960,519,Albert,Lutuli,peace,1,"""for his non-violent struggle against apartheid""",1960,519,peace,1,"""for his non-violent struggle against apartheid"""
1960,224,Willard F.,Libby,chemistry,1,"""for his method to use carbon-14 for age determination in archaeology geology geophysics and other branches of science""",1960,224,chemistry,1,"""for his method to use carbon-14 for age determination in archaeology geology geophysics and other branches of science"""
1961,76,Rudolf,Mössbauer,physics,2,"""for his researches concerning the resonance absorption of gamma radiation and his discovery in this connection of the effect which bears his name""",1961,76,physics,2,"""for his researches concerning the resonance absorption of gamma radiation and his discovery in this connection of the effect which bears his name"""
1961,520,Dag,Hammarskjöld,peace,1,"""for developing the UN into an effective and constructive international organization capable of giving life to the principles and aims expressed in the UN Charter""",1961,520,peace,1,"""for developing the UN into an effective and constructive international organization capable of giving life to the principles and aims expressed in the UN Charter"""
1961,371,Georg,von Békésy,medicine,1,"""for his discoveries of the physical mechanism of stimulation within the cochlea""",1961,371,medicine,1,"""for his discoveries of the physical mechanism of stimulation within the cochlea"""
1961,633,Ivo,Andric,literature,1,"""for the epic force with which he has traced themes and depicted human destinies drawn from the history of his country""",1961,633,literature,1,"""for the epic force with which he has traced themes and depicted human destinies drawn from the history of his country"""
1961,225,Melvin,Calvin,chemistry,1,"""for his research on the carbon dioxide assimilation in plants""",1961,225,chemistry,1,"""for his research on the carbon dioxide assimilation in plants"""
1961,75,Robert,Hofstadter,physics,2,"""for his pioneering studies of electron scattering in atomic nuclei and for his thereby achieved discoveries concerning the structure of the nucleons""",1961,75,physics,2,"""for his pioneering studies of electron scattering in atomic nuclei and for his thereby achieved discoveries concerning the structure of the nucleons"""
1962,374,Maurice,Wilkins,medicine,3,"""for their discoveries concerning the molecular structure of nucleic acids and its significance for information transfer in living material""",1962,374,medicine,3,"""for their discoveries concerning the molecular structure of nucleic acids and its significance for information transfer in living material"""
1962,373,James,Watson,medicine,3,"""for their discoveries concerning the molecular structure of nucleic acids and its significance for information transfer in living material""",1962,373,medicine,3,"""for their discoveries concerning the molecular structure of nucleic acids and its significance for information transfer in living material"""
1962,372,Francis,Crick,medicine,3,"""for their discoveries concerning the molecular structure of nucleic acids and its significance for information transfer in living material""",1962,372,medicine,3,"""for their discoveries concerning the molecular structure of nucleic acids and its significance for information transfer in living material"""
1962,217,Linus,Pauling,peace,1,"""for his fight against the nuclear arms race between East and West""",1954,217,chemistry,1,"""for his research into the nature of the chemical bond and its application to the elucidation of the structure of complex substances"""
1962,217,Linus,Pauling,peace,1,"""for his fight against the nuclear arms race between East and West""",1962,217,peace,1,"""for his fight against the nuclear arms race between East and West"""
1962,227,John C.,Kendrew,chemistry,2,"""for their studies of the structures of globular proteins""",1962,227,chemistry,2,"""for their studies of the structures of globular proteins"""
1962,226,Max F.,Perutz,chemistry,2,"""for their studies of the structures of globular proteins""",1962,226,chemistry,2,"""for their studies of the structures of globular proteins"""
1962,77,Lev,Landau,physics,1,"""for his pioneering theories for condensed matter especially liquid helium""",1962,77,physics,1,"""for his pioneering theories for condensed matter especially liquid helium"""
1962,634,John,Steinbeck,literature,1,"""for his realistic and imaginative writings combining as they do sympathetic humour and keen social perception""",1962,634,literature,1,"""for his realistic and imaginative writings combining as they do sympathetic humour and keen social perception"""
1963,377,Andrew,Huxley,medicine,3,"""for their discoveries concerning the ionic mechanisms involved in excitation and inhibition in the peripheral and central portions of the nerve cell membrane""",1963,377,medicine,3,"""for their discoveries concerning the ionic mechanisms involved in excitation and inhibition in the peripheral and central portions of the nerve cell membrane"""
1963,376,Alan,Hodgkin,medicine,3,"""for their discoveries concerning the ionic mechanisms involved in excitation and inhibition in the peripheral and central portions of the nerve cell membrane""",1963,376,medicine,3,"""for their discoveries concerning the ionic mechanisms involved in excitation and inhibition in the peripheral and central portions of the nerve cell membrane"""
1963,375,Sir John,Eccles,medicine,3,"""for their discoveries concerning the ionic mechanisms involved in excitation and inhibition in the peripheral and central portions of the nerve cell membrane""",1963,375,medicine,3,"""for their discoveries concerning the ionic mechanisms involved in excitation and inhibition in the peripheral and central portions of the nerve cell membrane"""
1963,80,J. Hans D.,Jensen,physics,4,"""for their discoveries concerning nuclear shell structure""",1963,80,physics,4,"""for their discoveries concerning nuclear shell structure"""
1963,78,Eugene,Wigner,physics,2,"""for his contributions to the theory of the atomic nucleus and the elementary particles particularly through the discovery and application of fundamental symmetry principles""",1963,78,physics,2,"""for his contributions to the theory of the atomic nucleus and the elementary particles particularly through the discovery and application of fundamental symmetry principles"""
1963,482,International Committee of the Red Cross,,peace,2,"""for promoting the principles of the Geneva Convention and cooperation with the UN""",1917,482,peace,1,"""for the efforts to take care of wounded soldiers and prisoners of war and their families"""
1963,482,International Committee of the Red Cross,,peace,2,"""for promoting the principles of the Geneva Convention and cooperation with the UN""",1944,482,peace,1,"""for the great work it has performed during the war on behalf of humanity"""
1963,482,International Committee of the Red Cross,,peace,2,"""for promoting the principles of the Geneva Convention and cooperation with the UN""",1963,482,peace,2,"""for promoting the principles of the Geneva Convention and cooperation with the UN"""
1963,523,League of Red Cross Societies,,peace,2,"""for promoting the principles of the Geneva Convention and cooperation with the UN""",1963,523,peace,2,"""for promoting the principles of the Geneva Convention and cooperation with the UN"""
1963,635,Giorgos,Seferis,literature,1,"""for his eminent lyrical writing inspired by a deep feeling for the Hellenic world of culture""",1963,635,literature,1,"""for his eminent lyrical writing inspired by a deep feeling for the Hellenic world of culture"""
1963,79,Maria,Goeppert Mayer,physics,4,"""for their discoveries concerning nuclear shell structure""",1963,79,physics,4,"""for their discoveries concerning nuclear shell structure"""
1963,228,Karl,Ziegler,chemistry,2,"""for their discoveries in the field of the chemistry and technology of high polymers""",1963,228,chemistry,2,"""for their discoveries in the field of the chemistry and technology of high polymers"""
1963,229,Giulio,Natta,chemistry,2,"""for their discoveries in the field of the chemistry and technology of high polymers""",1963,229,chemistry,2,"""for their discoveries in the field of the chemistry and technology of high polymers"""
1964,82,Nicolay G.,Basov,physics,4,"""for fundamental work in the field of quantum electronics which has led to the construction of oscillators and amplifiers based on the maser-laser principle""",1964,82,physics,4,"""for fundamental work in the field of quantum electronics which has led to the construction of oscillators and amplifiers based on the maser-laser principle"""
1964,637,Jean-Paul,Sartre,literature,1,"""for his work which rich in ideas and filled with the spirit of freedom and the quest for truth has exerted a far-reaching influence on our age""",1964,637,literature,1,"""for his work which rich in ideas and filled with the spirit of freedom and the quest for truth has exerted a far-reaching influence on our age"""
1964,524,Martin Luther,King Jr.,peace,1,"""for his non-violent struggle for civil rights for the Afro-American population""",1964,524,peace,1,"""for his non-violent struggle for civil rights for the Afro-American population"""
1964,83,Aleksandr M.,Prokhorov,physics,4,"""for fundamental work in the field of quantum electronics which has led to the construction of oscillators and amplifiers based on the maser-laser principle""",1964,83,physics,4,"""for fundamental work in the field of quantum electronics which has led to the construction of oscillators and amplifiers based on the maser-laser principle"""
1964,379,Feodor,Lynen,medicine,2,"""for their discoveries concerning the mechanism and regulation of the cholesterol and fatty acid metabolism""",1964,379,medicine,2,"""for their discoveries concerning the mechanism and regulation of the cholesterol and fatty acid metabolism"""
1964,81,Charles H.,Townes,physics,2,"""for fundamental work in the field of quantum electronics which has led to the construction of oscillators and amplifiers based on the maser-laser principle""",1964,81,physics,2,"""for fundamental work in the field of quantum electronics which has led to the construction of oscillators and amplifiers based on the maser-laser principle"""
1964,378,Konrad,Bloch,medicine,2,"""for their discoveries concerning the mechanism and regulation of the cholesterol and fatty acid metabolism""",1964,378,medicine,2,"""for their discoveries concerning the mechanism and regulation of the cholesterol and fatty acid metabolism"""
1964,230,Dorothy Crowfoot,Hodgkin,chemistry,1,"""for her determinations by X-ray techniques of the structures of important biochemical substances""",1964,230,chemistry,1,"""for her determinations by X-ray techniques of the structures of important biochemical substances"""
1965,231,Robert B.,Woodward,chemistry,1,"""for his outstanding achievements in the art of organic synthesis""",1965,231,chemistry,1,"""for his outstanding achievements in the art of organic synthesis"""
1965,380,François,Jacob,medicine,3,"""for their discoveries concerning genetic control of enzyme and virus synthesis""",1965,380,medicine,3,"""for their discoveries concerning genetic control of enzyme and virus synthesis"""
1965,381,André,Lwoff,medicine,3,"""for their discoveries concerning genetic control of enzyme and virus synthesis""",1965,381,medicine,3,"""for their discoveries concerning genetic control of enzyme and virus synthesis"""
1965,382,Jacques,Monod,medicine,3,"""for their discoveries concerning genetic control of enzyme and virus synthesis""",1965,382,medicine,3,"""for their discoveries concerning genetic control of enzyme and virus synthesis"""
1965,525,United Nations Children's Fund,,peace,1,"""for its effort to enhance solidarity between nations and reduce the difference between rich and poor states""",1965,525,peace,1,"""for its effort to enhance solidarity between nations and reduce the difference between rich and poor states"""
1965,84,Sin-Itiro,Tomonaga,physics,3,"""for their fundamental work in quantum electrodynamics with deep-ploughing consequences for the physics of elementary particles""",1965,84,physics,3,"""for their fundamental work in quantum electrodynamics with deep-ploughing consequences for the physics of elementary particles"""
1965,638,Mikhail,Sholokhov,literature,1,"""for the artistic power and integrity with which in his epic of the Don he has given expression to a historic phase in the life of the Russian people""",1965,638,literature,1,"""for the artistic power and integrity with which in his epic of the Don he has given expression to a historic phase in the life of the Russian people"""
1965,85,Julian,Schwinger,physics,3,"""for their fundamental work in quantum electrodynamics with deep-ploughing consequences for the physics of elementary particles""",1965,85,physics,3,"""for their fundamental work in quantum electrodynamics with deep-ploughing consequences for the physics of elementary particles"""
1965,86,Richard P.,Feynman,physics,3,"""for their fundamental work in quantum electrodynamics with deep-ploughing consequences for the physics of elementary particles""",1965,86,physics,3,"""for their fundamental work in quantum electrodynamics with deep-ploughing consequences for the physics of elementary particles"""
1966,384,Charles B.,Huggins,medicine,2,"""for his discoveries concerning hormonal treatment of prostatic cancer""",1966,384,medicine,2,"""for his discoveries concerning hormonal treatment of prostatic cancer"""
1966,639,Shmuel,Agnon,literature,2,"""for his profoundly characteristic narrative art with motifs from the life of the Jewish people""",1966,639,literature,2,"""for his profoundly characteristic narrative art with motifs from the life of the Jewish people"""
1966,232,Robert S.,Mulliken,chemistry,1,"""for his fundamental work concerning chemical bonds and the electronic structure of molecules by the molecular orbital method""",1966,232,chemistry,1,"""for his fundamental work concerning chemical bonds and the electronic structure of molecules by the molecular orbital method"""
1966,383,Peyton,Rous,medicine,2,"""for his discovery of tumour-inducing viruses""",1966,383,medicine,2,"""for his discovery of tumour-inducing viruses"""
1966,640,Nelly,Sachs,literature,2,"""for her outstanding lyrical and dramatic writing which interprets Israel's destiny with touching strength""",1966,640,literature,2,"""for her outstanding lyrical and dramatic writing which interprets Israel's destiny with touching strength"""
1966,87,Alfred,Kastler,physics,1,"""for the discovery and development of optical methods for studying Hertzian resonances in atoms""",1966,87,physics,1,"""for the discovery and development of optical methods for studying Hertzian resonances in atoms"""
1967,385,Ragnar,Granit,medicine,3,"""for their discoveries concerning the primary physiological and chemical visual processes in the eye""",1967,385,medicine,3,"""for their discoveries concerning the primary physiological and chemical visual processes in the eye"""
1967,387,George,Wald,medicine,3,"""for their discoveries concerning the primary physiological and chemical visual processes in the eye""",1967,387,medicine,3,"""for their discoveries concerning the primary physiological and chemical visual processes in the eye"""
1967,235,George,Porter,chemistry,4,"""for their studies of extremely fast chemical reactions effected by disturbing the equilibrium by means of very short pulses of energy""",1967,235,chemistry,4,"""for their studies of extremely fast chemical reactions effected by disturbing the equilibrium by means of very short pulses of energy"""
1967,641,Miguel Angel,Asturias,literature,1,"""for his vivid literary achievement deep-rooted in the national traits and traditions of Indian peoples of Latin America""",1967,641,literature,1,"""for his vivid literary achievement deep-rooted in the national traits and traditions of Indian peoples of Latin America"""
1967,234,Ronald G.W.,Norrish,chemistry,4,"""for their studies of extremely fast chemical reactions effected by disturbing the equilibrium by means of very short pulses of energy""",1967,234,chemistry,4,"""for their studies of extremely fast chemical reactions effected by disturbing the equilibrium by means of very short pulses of energy"""
1967,233,Manfred,Eigen,chemistry,2,"""for their studies of extremely fast chemical reactions effected by disturbing the equilibrium by means of very short pulses of energy""",1967,233,chemistry,2,"""for their studies of extremely fast chemical reactions effected by disturbing the equilibrium by means of very short pulses of energy"""
1967,386,Keffer,Hartline,medicine,3,"""for their discoveries concerning the primary physiological and chemical visual processes in the eye""",1967,386,medicine,3,"""for their discoveries concerning the primary physiological and chemical visual processes in the eye"""
1967,88,Hans,Bethe,physics,1,"""for his contributions to the theory of nuclear reactions especially his discoveries concerning the energy production in stars""",1967,88,physics,1,"""for his contributions to the theory of nuclear reactions especially his discoveries concerning the energy production in stars"""
1968,389,H. Gobind,Khorana,medicine,3,"""for their interpretation of the genetic code and its function in protein synthesis""",1968,389,medicine,3,"""for their interpretation of the genetic code and its function in protein synthesis"""
1968,390,Marshall W.,Nirenberg,medicine,3,"""for their interpretation of the genetic code and its function in protein synthesis""",1968,390,medicine,3,"""for their interpretation of the genetic code and its function in protein synthesis"""
1968,236,Lars,Onsager,chemistry,1,"""for the discovery of the reciprocal relations bearing his name which are fundamental for the thermodynamics of irreversible processes""",1968,236,chemistry,1,"""for the discovery of the reciprocal relations bearing his name which are fundamental for the thermodynamics of irreversible processes"""
1968,526,René,Cassin,peace,1,"""for his struggle to ensure the rights of man as stipulated in the UN Declaration""",1968,526,peace,1,"""for his struggle to ensure the rights of man as stipulated in the UN Declaration"""
1968,388,Robert W.,Holley,medicine,3,"""for their interpretation of the genetic code and its function in protein synthesis""",1968,388,medicine,3,"""for their interpretation of the genetic code and its function in protein synthesis"""
1968,89,Luis,Alvarez,physics,1,"""for his decisive contributions to elementary particle physics in particular the discovery of a large number of resonance states made possible through his development of the technique of using hydrogen bubble chamber and data analysis""",1968,89,physics,1,"""for his decisive contributions to elementary particle physics in particular the discovery of a large number of resonance states made possible through his development of the technique of using hydrogen bubble chamber and data analysis"""
1968,642,Yasunari,Kawabata,literature,1,"""for his narrative mastery which with great sensibility expresses the essence of the Japanese mind""",1968,642,literature,1,"""for his narrative mastery which with great sensibility expresses the essence of the Japanese mind"""
1969,237,Derek,Barton,chemistry,2,"""for their contributions to the development of the concept of conformation and its application in chemistry""",1969,237,chemistry,2,"""for their contributions to the development of the concept of conformation and its application in chemistry"""
1969,643,Samuel,Beckett,literature,1,"""for his writing which - in new forms for the novel and drama - in the destitution of modern man acquires its elevation""",1969,643,literature,1,"""for his writing which - in new forms for the novel and drama - in the destitution of modern man acquires its elevation"""
1969,677,Ragnar,Frisch,economics,2,"""for having developed and applied dynamic models for the analysis of economic processes""",1969,677,economics,2,"""for having developed and applied dynamic models for the analysis of economic processes"""
1969,90,Murray,Gell-Mann,physics,1,"""for his contributions and discoveries concerning the classification of elementary particles and their interactions""",1969,90,physics,1,"""for his contributions and discoveries concerning the classification of elementary particles and their interactions"""
1969,678,Jan,Tinbergen,economics,2,"""for having developed and applied dynamic models for the analysis of economic processes""",1969,678,economics,2,"""for having developed and applied dynamic models for the analysis of economic processes"""
1969,527,International Labour Organization,,peace,1,"""for creating international legislation insuring certain norms for working conditions in every country""",1969,527,peace,1,"""for creating international legislation insuring certain norms for working conditions in every country"""
1969,393,Salvador E.,Luria,medicine,3,"""for their discoveries concerning the replication mechanism and the genetic structure of viruses""",1969,393,medicine,3,"""for their discoveries concerning the replication mechanism and the genetic structure of viruses"""
1969,392,Alfred D.,Hershey,medicine,3,"""for their discoveries concerning the replication mechanism and the genetic structure of viruses""",1969,392,medicine,3,"""for their discoveries concerning the replication mechanism and the genetic structure of viruses"""
1969,391,Max,Delbrück,medicine,3,"""for their discoveries concerning the replication mechanism and the genetic structure of viruses""",1969,391,medicine,3,"""for their discoveries concerning the replication mechanism and the genetic structure of viruses"""
1969,238,Odd,Hassel,chemistry,2,"""for their contributions to the development of the concept of conformation and its application in chemistry""",1969,238,chemistry,2,"""for their contributions to the development of the concept of conformation and its application in chemistry"""
1970,91,Hannes,Alfvén,physics,2,"""for fundamental work and discoveries in magnetohydro-dynamics with fruitful applications in different parts of plasma physics""",1970,91,physics,2,"""for fundamental work and discoveries in magnetohydro-dynamics with fruitful applications in different parts of plasma physics"""
1970,92,Louis,Néel,physics,2,"""for fundamental work and discoveries concerning antiferromagnetism and ferrimagnetism which have led to important applications in solid state physics""",1970,92,physics,2,"""for fundamental work and discoveries concerning antiferromagnetism and ferrimagnetism which have led to important applications in solid state physics"""
1970,528,Norman,Borlaug,peace,1,"""for having given a well-founded hope - the green revolution""",1970,528,peace,1,"""for having given a well-founded hope - the green revolution"""
1970,239,Luis,Leloir,chemistry,1,"""for his discovery of sugar nucleotides and their role in the biosynthesis of carbohydrates""",1970,239,chemistry,1,"""for his discovery of sugar nucleotides and their role in the biosynthesis of carbohydrates"""
1970,644,Alexandr,Solzhenitsyn,literature,1,"""for the ethical force with which he has pursued the indispensable traditions of Russian literature""",1970,644,literature,1,"""for the ethical force with which he has pursued the indispensable traditions of Russian literature"""
1970,679,Paul A.,Samuelson,economics,1,"""for the scientific work through which he has developed static and dynamic economic theory and actively contributed to raising the level of analysis in economic science""",1970,679,economics,1,"""for the scientific work through which he has developed static and dynamic economic theory and actively contributed to raising the level of analysis in economic science"""
1970,396,Julius,Axelrod,medicine,3,"""for their discoveries concerning the humoral transmitters in the nerve terminals and the mechanism for their storage release and inactivation""",1970,396,medicine,3,"""for their discoveries concerning the humoral transmitters in the nerve terminals and the mechanism for their storage release and inactivation"""
1970,395,Ulf,von Euler,medicine,3,"""for their discoveries concerning the humoral transmitters in the nerve terminals and the mechanism for their storage release and inactivation""",1970,395,medicine,3,"""for their discoveries concerning the humoral transmitters in the nerve terminals and the mechanism for their storage release and inactivation"""
1970,394,Sir Bernard,Katz,medicine,3,"""for their discoveries concerning the humoral transmitters in the nerve terminals and the mechanism for their storage release and inactivation""",1970,394,medicine,3,"""for their discoveries concerning the humoral transmitters in the nerve terminals and the mechanism for their storage release and inactivation"""
1971,529,Willy,Brandt,peace,1,"""for paving the way for a meaningful dialogue between East and West""",1971,529,peace,1,"""for paving the way for a meaningful dialogue between East and West"""
1971,93,Dennis,Gabor,physics,1,"""for his invention and development of the holographic method""",1971,93,physics,1,"""for his invention and development of the holographic method"""
1971,680,Simon,Kuznets,economics,1,"""for his empirically founded interpretation of economic growth which has led to new and deepened insight into the economic and social structure and process of development""",1971,680,economics,1,"""for his empirically founded interpretation of economic growth which has led to new and deepened insight into the economic and social structure and process of development"""
1971,240,Gerhard,Herzberg,chemistry,1,"""for his contributions to the knowledge of electronic structure and geometry of molecules particularly free radicals""",1971,240,chemistry,1,"""for his contributions to the knowledge of electronic structure and geometry of molecules particularly free radicals"""
1971,397,Earl W.,Sutherland Jr.,medicine,1,"""for his discoveries concerning the mechanisms of the action of hormones""",1971,397,medicine,1,"""for his discoveries concerning the mechanisms of the action of hormones"""
1971,645,Pablo,Neruda,literature,1,"""for a poetry that with the action of an elemental force brings alive a continent's destiny and dreams""",1971,645,literature,1,"""for a poetry that with the action of an elemental force brings alive a continent's destiny and dreams"""
1972,647,Heinrich,Böll,literature,1,"""for his writing which through its combination of a broad perspective on his time and a sensitive skill in characterization has contributed to a renewal of German literature""",1972,647,literature,1,"""for his writing which through its combination of a broad perspective on his time and a sensitive skill in characterization has contributed to a renewal of German literature"""
1972,398,Gerald M.,Edelman,medicine,2,"""for their discoveries concerning the chemical structure of antibodies""",1972,398,medicine,2,"""for their discoveries concerning the chemical structure of antibodies"""
1972,95,Leon N.,Cooper,physics,3,"""for their jointly developed theory of superconductivity usually called the BCS-theory""",1972,95,physics,3,"""for their jointly developed theory of superconductivity usually called the BCS-theory"""
1972,242,Stanford,Moore,chemistry,4,"""for their contribution to the understanding of the connection between chemical structure and catalytic activity of the active centre of the ribonuclease molecule""",1972,242,chemistry,4,"""for their contribution to the understanding of the connection between chemical structure and catalytic activity of the active centre of the ribonuclease molecule"""
1972,241,Christian,Anfinsen,chemistry,2,"""for his work on ribonuclease especially concerning the connection between the amino acid sequence and the biologically active conformation""",1972,241,chemistry,2,"""for his work on ribonuclease especially concerning the connection between the amino acid sequence and the biologically active conformation"""
1972,243,William H.,Stein,chemistry,4,"""for their contribution to the understanding of the connection between chemical structure and catalytic activity of the active centre of the ribonuclease molecule""",1972,243,chemistry,4,"""for their contribution to the understanding of the connection between chemical structure and catalytic activity of the active centre of the ribonuclease molecule"""
1972,66,John,Bardeen,physics,3,"""for their jointly developed theory of superconductivity usually called the BCS-theory""",1956,66,physics,3,"""for their researches on semiconductors and their discovery of the transistor effect"""
1972,66,John,Bardeen,physics,3,"""for their jointly developed theory of superconductivity usually called the BCS-theory""",1972,66,physics,3,"""for their jointly developed theory of superconductivity usually called the BCS-theory"""
1972,682,Kenneth J.,Arrow,economics,2,"""for their pioneering contributions to general economic equilibrium theory and welfare theory""",1972,682,economics,2,"""for their pioneering contributions to general economic equilibrium theory and welfare theory"""
1972,681,John R.,Hicks,economics,2,"""for their pioneering contributions to general economic equilibrium theory and welfare theory""",1972,681,economics,2,"""for their pioneering contributions to general economic equilibrium theory and welfare theory"""
1972,96,Robert,Schrieffer,physics,3,"""for their jointly developed theory of superconductivity usually called the BCS-theory""",1972,96,physics,3,"""for their jointly developed theory of superconductivity usually called the BCS-theory"""
1972,399,Rodney R.,Porter,medicine,2,"""for their discoveries concerning the chemical structure of antibodies""",1972,399,medicine,2,"""for their discoveries concerning the chemical structure of antibodies"""
1973,99,Brian D.,Josephson,physics,2,"""for his theoretical predictions of the properties of a supercurrent through a tunnel barrier in particular those phenomena which are generally known as the Josephson effects""",1973,99,physics,2,"""for his theoretical predictions of the properties of a supercurrent through a tunnel barrier in particular those phenomena which are generally known as the Josephson effects"""
1973,244,Ernst Otto,Fischer,chemistry,2,"""for their pioneering work performed independently on the chemistry of the organometallic so called sandwich compounds""",1973,244,chemistry,2,"""for their pioneering work performed independently on the chemistry of the organometallic so called sandwich compounds"""
1973,245,Geoffrey,Wilkinson,chemistry,2,"""for their pioneering work performed independently on the chemistry of the organometallic so called sandwich compounds""",1973,245,chemistry,2,"""for their pioneering work performed independently on the chemistry of the organometallic so called sandwich compounds"""
1973,531,Le Duc Tho,,peace,2,"""for jointly having negotiated a cease fire in Vietnam in 1973""",1973,531,peace,2,"""for jointly having negotiated a cease fire in Vietnam in 1973"""
1973,683,Wassily,Leontief,economics,1,"""for the development of the input-output method and for its application to important economic problems""",1973,683,economics,1,"""for the development of the input-output method and for its application to important economic problems"""
1973,401,Konrad,Lorenz,medicine,3,"""for their discoveries concerning organization and elicitation of individual and social behaviour patterns""",1973,401,medicine,3,"""for their discoveries concerning organization and elicitation of individual and social behaviour patterns"""
1973,97,Leo,Esaki,physics,4,"""for their experimental discoveries regarding tunneling phenomena in semiconductors and superconductors respectively""",1973,97,physics,4,"""for their experimental discoveries regarding tunneling phenomena in semiconductors and superconductors respectively"""
1973,98,Ivar,Giaever,physics,4,"""for their experimental discoveries regarding tunneling phenomena in semiconductors and superconductors respectively""",1973,98,physics,4,"""for their experimental discoveries regarding tunneling phenomena in semiconductors and superconductors respectively"""
1973,400,Karl,von Frisch,medicine,3,"""for their discoveries concerning organization and elicitation of individual and social behaviour patterns""",1973,400,medicine,3,"""for their discoveries concerning organization and elicitation of individual and social behaviour patterns"""
1973,648,Patrick,White,literature,1,"""for an epic and psychological narrative art which has introduced a new continent into literature""",1973,648,literature,1,"""for an epic and psychological narrative art which has introduced a new continent into literature"""
1973,530,Henry,Kissinger,peace,2,"""for jointly having negotiated a cease fire in Vietnam in 1973""",1973,530,peace,2,"""for jointly having negotiated a cease fire in Vietnam in 1973"""
1973,402,Nikolaas,Tinbergen,medicine,3,"""for their discoveries concerning organization and elicitation of individual and social behaviour patterns""",1973,402,medicine,3,"""for their discoveries concerning organization and elicitation of individual and social behaviour patterns"""
1974,246,Paul J.,Flory,chemistry,1,"""for his fundamental achievements both theoretical and experimental in the physical chemistry of the macromolecules""",1974,246,chemistry,1,"""for his fundamental achievements both theoretical and experimental in the physical chemistry of the macromolecules"""
1974,649,Eyvind,Johnson,literature,2,"""for a narrative art far-seeing in lands and ages in the service of freedom""",1974,649,literature,2,"""for a narrative art far-seeing in lands and ages in the service of freedom"""
1974,684,Gunnar,Myrdal,economics,2,"""for their pioneering work in the theory of money and economic fluctuations and for their penetrating analysis of the interdependence of economic social and institutional phenomena""",1974,684,economics,2,"""for their pioneering work in the theory of money and economic fluctuations and for their penetrating analysis of the interdependence of economic social and institutional phenomena"""
1974,650,Harry,Martinson,literature,2,"""for writings that catch the dewdrop and reflect the cosmos""",1974,650,literature,2,"""for writings that catch the dewdrop and reflect the cosmos"""
1974,404,Christian,de Duve,medicine,3,"""for their discoveries concerning the structural and functional organization of the cell""",1974,404,medicine,3,"""for their discoveries concerning the structural and functional organization of the cell"""
1974,101,Antony,Hewish,physics,2,"""for their pioneering research in radio astrophysics: Ryle for his observations and inventions in particular of the aperture synthesis technique and Hewish for his decisive role in the discovery of pulsars""",1974,101,physics,2,"""for their pioneering research in radio astrophysics: Ryle for his observations and inventions in particular of the aperture synthesis technique and Hewish for his decisive role in the discovery of pulsars"""
1974,100,Martin,Ryle,physics,2,"""for their pioneering research in radio astrophysics: Ryle for his observations and inventions in particular of the aperture synthesis technique and Hewish for his decisive role in the discovery of pulsars""",1974,100,physics,2,"""for their pioneering research in radio astrophysics: Ryle for his observations and inventions in particular of the aperture synthesis technique and Hewish for his decisive role in the discovery of pulsars"""
1974,405,George E.,Palade,medicine,3,"""for their discoveries concerning the structural and functional organization of the cell""",1974,405,medicine,3,"""for their discoveries concerning the structural and functional organization of the cell"""
1974,533,Eisaku,Sato,peace,2,"""for his contribution to stabilize conditions in the Pacific rim area and for signing the Nuclear Non-Proliferation Treaty""",1974,533,peace,2,"""for his contribution to stabilize conditions in the Pacific rim area and for signing the Nuclear Non-Proliferation Treaty"""
1974,532,Seán,MacBride,peace,2,"""for his efforts to secure and develop human rights throughout the world""",1974,532,peace,2,"""for his efforts to secure and develop human rights throughout the world"""
1974,685,Friedrich,von Hayek,economics,2,"""for their pioneering work in the theory of money and economic fluctuations and for their penetrating analysis of the interdependence of economic social and institutional phenomena""",1974,685,economics,2,"""for their pioneering work in the theory of money and economic fluctuations and for their penetrating analysis of the interdependence of economic social and institutional phenomena"""
1974,403,Albert,Claude,medicine,3,"""for their discoveries concerning the structural and functional organization of the cell""",1974,403,medicine,3,"""for their discoveries concerning the structural and functional organization of the cell"""
1975,247,John,Cornforth,chemistry,2,"""for his work on the stereochemistry of enzyme-catalyzed reactions""",1975,247,chemistry,2,"""for his work on the stereochemistry of enzyme-catalyzed reactions"""
1975,248,Vladimir,Prelog,chemistry,2,"""for his research into the stereochemistry of organic molecules and reactions""",1975,248,chemistry,2,"""for his research into the stereochemistry of organic molecules and reactions"""
1975,408,Howard M.,Temin,medicine,3,"""for their discoveries concerning the interaction between tumour viruses and the genetic material of the cell""",1975,408,medicine,3,"""for their discoveries concerning the interaction between tumour viruses and the genetic material of the cell"""
1975,102,Aage N.,Bohr,physics,3,"""for the discovery of the connection between collective motion and particle motion in atomic nuclei and the development of the theory of the structure of the atomic nucleus based on this connection""",1975,102,physics,3,"""for the discovery of the connection between collective motion and particle motion in atomic nuclei and the development of the theory of the structure of the atomic nucleus based on this connection"""
1975,103,Ben R.,Mottelson,physics,3,"""for the discovery of the connection between collective motion and particle motion in atomic nuclei and the development of the theory of the structure of the atomic nucleus based on this connection""",1975,103,physics,3,"""for the discovery of the connection between collective motion and particle motion in atomic nuclei and the development of the theory of the structure of the atomic nucleus based on this connection"""
1975,104,James,Rainwater,physics,3,"""for the discovery of the connection between collective motion and particle motion in atomic nuclei and the development of the theory of the structure of the atomic nucleus based on this connection""",1975,104,physics,3,"""for the discovery of the connection between collective motion and particle motion in atomic nuclei and the development of the theory of the structure of the atomic nucleus based on this connection"""
1975,687,Tjalling C.,Koopmans,economics,2,"""for their contributions to the theory of optimum allocation of resources""",1975,687,economics,2,"""for their contributions to the theory of optimum allocation of resources"""
1975,686,Leonid Vitaliyevich,Kantorovich,economics,2,"""for their contributions to the theory of optimum allocation of resources""",1975,686,economics,2,"""for their contributions to the theory of optimum allocation of resources"""
1975,651,Eugenio,Montale,literature,1,"""for his distinctive poetry which with great artistic sensitivity has interpreted human values under the sign of an outlook on life with no illusions""",1975,651,literature,1,"""for his distinctive poetry which with great artistic sensitivity has interpreted human values under the sign of an outlook on life with no illusions"""
1975,406,David,Baltimore,medicine,3,"""for their discoveries concerning the interaction between tumour viruses and the genetic material of the cell""",1975,406,medicine,3,"""for their discoveries concerning the interaction between tumour viruses and the genetic material of the cell"""
1975,407,Renato,Dulbecco,medicine,3,"""for their discoveries concerning the interaction between tumour viruses and the genetic material of the cell""",1975,407,medicine,3,"""for their discoveries concerning the interaction between tumour viruses and the genetic material of the cell"""
1975,534,Andrei,Sakharov,peace,1,"""for his struggle for human rights in the Soviet Union for disarmament and cooperation between all nations""",1975,534,peace,1,"""for his struggle for human rights in the Soviet Union for disarmament and cooperation between all nations"""
1976,688,Milton,Friedman,economics,1,"""for his achievements in the fields of consumption analysis monetary history and theory and for his demonstration of the complexity of stabilization policy""",1976,688,economics,1,"""for his achievements in the fields of consumption analysis monetary history and theory and for his demonstration of the complexity of stabilization policy"""
1976,249,William,Lipscomb,chemistry,1,"""for his studies on the structure of boranes illuminating problems of chemical bonding""",1976,249,chemistry,1,"""for his studies on the structure of boranes illuminating problems of chemical bonding"""
1976,536,Mairead,Corrigan,peace,2,"""for the courageous efforts in founding a movement to put an end to the violent conflict in Northern Ireland""",1976,536,peace,2,"""for the courageous efforts in founding a movement to put an end to the violent conflict in Northern Ireland"""
1976,105,Burton,Richter,physics,2,"""for their pioneering work in the discovery of a heavy elementary particle of a new kind""",1976,105,physics,2,"""for their pioneering work in the discovery of a heavy elementary particle of a new kind"""
1976,106,Samuel C.C.,Ting,physics,2,"""for their pioneering work in the discovery of a heavy elementary particle of a new kind""",1976,106,physics,2,"""for their pioneering work in the discovery of a heavy elementary particle of a new kind"""
1976,409,Baruch S.,Blumberg,medicine,2,"""for their discoveries concerning new mechanisms for the origin and dissemination of infectious diseases""",1976,409,medicine,2,"""for their discoveries concerning new mechanisms for the origin and dissemination of infectious diseases"""
1976,410,D. Carleton,Gajdusek,medicine,2,"""for their discoveries concerning new mechanisms for the origin and dissemination of infectious diseases""",1976,410,medicine,2,"""for their discoveries concerning new mechanisms for the origin and dissemination of infectious diseases"""
1976,535,Betty,Williams,peace,2,"""for the courageous efforts in founding a movement to put an end to the violent conflict in Northern Ireland""",1976,535,peace,2,"""for the courageous efforts in founding a movement to put an end to the violent conflict in Northern Ireland"""
1976,652,Saul,Bellow,literature,1,"""for the human understanding and subtle analysis of contemporary culture that are combined in his work""",1976,652,literature,1,"""for the human understanding and subtle analysis of contemporary culture that are combined in his work"""
1977,107,Philip W.,Anderson,physics,3,"""for their fundamental theoretical investigations of the electronic structure of magnetic and disordered systems""",1977,107,physics,3,"""for their fundamental theoretical investigations of the electronic structure of magnetic and disordered systems"""
1977,690,James E.,Meade,economics,2,"""for their pathbreaking contribution to the theory of international trade and international capital movements""",1977,690,economics,2,"""for their pathbreaking contribution to the theory of international trade and international capital movements"""
1977,689,Bertil,Ohlin,economics,2,"""for their pathbreaking contribution to the theory of international trade and international capital movements""",1977,689,economics,2,"""for their pathbreaking contribution to the theory of international trade and international capital movements"""
1977,108,Sir Nevill F.,Mott,physics,3,"""for their fundamental theoretical investigations of the electronic structure of magnetic and disordered systems""",1977,108,physics,3,"""for their fundamental theoretical investigations of the electronic structure of magnetic and disordered systems"""
1977,109,John H.,Van Vleck,physics,3,"""for their fundamental theoretical investigations of the electronic structure of magnetic and disordered systems""",1977,109,physics,3,"""for their fundamental theoretical investigations of the electronic structure of magnetic and disordered systems"""
1977,412,Andrew V.,Schally,medicine,4,"""for their discoveries concerning the peptide hormone production of the brain""",1977,412,medicine,4,"""for their discoveries concerning the peptide hormone production of the brain"""
1977,413,Rosalyn,Yalow,medicine,2,"""for the development of radioimmunoassays of peptide hormones""",1977,413,medicine,2,"""for the development of radioimmunoassays of peptide hormones"""
1977,250,Ilya,Prigogine,chemistry,1,"""for his contributions to non-equilibrium thermodynamics particularly the theory of dissipative structures""",1977,250,chemistry,1,"""for his contributions to non-equilibrium thermodynamics particularly the theory of dissipative structures"""
1977,411,Roger,Guillemin,medicine,4,"""for their discoveries concerning the peptide hormone production of the brain""",1977,411,medicine,4,"""for their discoveries concerning the peptide hormone production of the brain"""
1977,537,Amnesty International,,peace,1,"""for worldwide respect for human rights""",1977,537,peace,1,"""for worldwide respect for human rights"""
1977,653,Vicente,Aleixandre,literature,1,"""for a creative poetic writing which illuminates man's condition in the cosmos and in present-day society at the same time representing the great renewal of the traditions of Spanish poetry between the wars""",1977,653,literature,1,"""for a creative poetic writing which illuminates man's condition in the cosmos and in present-day society at the same time representing the great renewal of the traditions of Spanish poetry between the wars"""
1978,538,Anwar,al-Sadat,peace,2,"""for jointly having negotiated peace between Egypt and Israel in 1978""",1978,538,peace,2,"""for jointly having negotiated peace between Egypt and Israel in 1978"""
1978,539,Menachem,Begin,peace,2,"""for jointly having negotiated peace between Egypt and Israel in 1978""",1978,539,peace,2,"""for jointly having negotiated peace between Egypt and Israel in 1978"""
1978,111,Arno,Penzias,physics,4,"""for their discovery of cosmic microwave background radiation""",1978,111,physics,4,"""for their discovery of cosmic microwave background radiation"""
1978,416,Hamilton O.,Smith,medicine,3,"""for the discovery of restriction enzymes and their application to problems of molecular genetics""",1978,416,medicine,3,"""for the discovery of restriction enzymes and their application to problems of molecular genetics"""
1978,415,Daniel,Nathans,medicine,3,"""for the discovery of restriction enzymes and their application to problems of molecular genetics""",1978,415,medicine,3,"""for the discovery of restriction enzymes and their application to problems of molecular genetics"""
1978,414,Werner,Arber,medicine,3,"""for the discovery of restriction enzymes and their application to problems of molecular genetics""",1978,414,medicine,3,"""for the discovery of restriction enzymes and their application to problems of molecular genetics"""
1978,112,Robert Woodrow,Wilson,physics,4,"""for their discovery of cosmic microwave background radiation""",1978,112,physics,4,"""for their discovery of cosmic microwave background radiation"""
1978,654,Isaac Bashevis,Singer,literature,1,"""for his impassioned narrative art which with roots in a Polish-Jewish cultural tradition brings universal human conditions to life""",1978,654,literature,1,"""for his impassioned narrative art which with roots in a Polish-Jewish cultural tradition brings universal human conditions to life"""
1978,691,Herbert,Simon,economics,1,"""for his pioneering research into the decision-making process within economic organizations""",1978,691,economics,1,"""for his pioneering research into the decision-making process within economic organizations"""
1978,110,Pyotr,Kapitsa,physics,2,"""for his basic inventions and discoveries in the area of low-temperature physics""",1978,110,physics,2,"""for his basic inventions and discoveries in the area of low-temperature physics"""
1978,251,Peter,Mitchell,chemistry,1,"""for his contribution to the understanding of biological energy transfer through the formulation of the chemiosmotic theory""",1978,251,chemistry,1,"""for his contribution to the understanding of biological energy transfer through the formulation of the chemiosmotic theory"""
1979,253,Georg,Wittig,chemistry,2,"""for their development of the use of boron- and phosphorus-containing compounds respectively into important reagents in organic synthesis""",1979,253,chemistry,2,"""for their development of the use of boron- and phosphorus-containing compounds respectively into important reagents in organic synthesis"""
1979,692,Theodore W.,Schultz,economics,2,"""for their pioneering research into economic development research with particular consideration of the problems of developing countries""",1979,692,economics,2,"""for their pioneering research into economic development research with particular consideration of the problems of developing countries"""
1979,693,Sir Arthur,Lewis,economics,2,"""for their pioneering research into economic development research with particular consideration of the problems of developing countries""",1979,693,economics,2,"""for their pioneering research into economic development research with particular consideration of the problems of developing countries"""
1979,540,Anjezë Gonxhe,Bojaxhiu,peace,1,"""for her work for bringing help to suffering humanity""",1979,540,peace,1,"""for her work for bringing help to suffering humanity"""
1979,252,Herbert C.,Brown,chemistry,2,"""for their development of the use of boron- and phosphorus-containing compounds respectively into important reagents in organic synthesis""",1979,252,chemistry,2,"""for their development of the use of boron- and phosphorus-containing compounds respectively into important reagents in organic synthesis"""
1979,113,Sheldon,Glashow,physics,3,"""for their contributions to the theory of the unified weak and electromagnetic interaction between elementary particles including inter alia the prediction of the weak neutral current""",1979,113,physics,3,"""for their contributions to the theory of the unified weak and electromagnetic interaction between elementary particles including inter alia the prediction of the weak neutral current"""
1979,115,Steven,Weinberg,physics,3,"""for their contributions to the theory of the unified weak and electromagnetic interaction between elementary particles including inter alia the prediction of the weak neutral current""",1979,115,physics,3,"""for their contributions to the theory of the unified weak and electromagnetic interaction between elementary particles including inter alia the prediction of the weak neutral current"""
1979,418,Godfrey N.,Hounsfield,medicine,2,"""for the development of computer assisted tomography""",1979,418,medicine,2,"""for the development of computer assisted tomography"""
1979,417,Allan M.,Cormack,medicine,2,"""for the development of computer assisted tomography""",1979,417,medicine,2,"""for the development of computer assisted tomography"""
1979,655,Odysseus,Elytis,literature,1,"""for his poetry which against the background of Greek tradition depicts with sensuous strength and intellectual clear-sightedness modern man's struggle for freedom and creativeness""",1979,655,literature,1,"""for his poetry which against the background of Greek tradition depicts with sensuous strength and intellectual clear-sightedness modern man's struggle for freedom and creativeness"""
1979,114,Abdus,Salam,physics,3,"""for their contributions to the theory of the unified weak and electromagnetic interaction between elementary particles including inter alia the prediction of the weak neutral current""",1979,114,physics,3,"""for their contributions to the theory of the unified weak and electromagnetic interaction between elementary particles including inter alia the prediction of the weak neutral current"""
1980,222,Frederick,Sanger,chemistry,4,"""for their contributions concerning the determination of base sequences in nucleic acids""",1958,222,chemistry,1,"""for his work on the structure of proteins especially that of insulin"""
1980,222,Frederick,Sanger,chemistry,4,"""for their contributions concerning the determination of base sequences in nucleic acids""",1980,222,chemistry,4,"""for their contributions concerning the determination of base sequences in nucleic acids"""
1980,420,Jean,Dausset,medicine,3,"""for their discoveries concerning genetically determined structures on the cell surface that regulate immunological reactions""",1980,420,medicine,3,"""for their discoveries concerning genetically determined structures on the cell surface that regulate immunological reactions"""
1980,419,Baruj,Benacerraf,medicine,3,"""for their discoveries concerning genetically determined structures on the cell surface that regulate immunological reactions""",1980,419,medicine,3,"""for their discoveries concerning genetically determined structures on the cell surface that regulate immunological reactions"""
1980,694,Lawrence R.,Klein,economics,1,"""for the creation of econometric models and the application to the analysis of economic fluctuations and economic policies""",1980,694,economics,1,"""for the creation of econometric models and the application to the analysis of economic fluctuations and economic policies"""
1980,254,Paul,Berg,chemistry,2,"""for his fundamental studies of the biochemistry of nucleic acids with particular regard to recombinant-DNA""",1980,254,chemistry,2,"""for his fundamental studies of the biochemistry of nucleic acids with particular regard to recombinant-DNA"""
1980,541,Adolfo,Pérez Esquivel,peace,1,"""for being a source of inspiration to repressed people especially in Latin America""",1980,541,peace,1,"""for being a source of inspiration to repressed people especially in Latin America"""
1980,255,Walter,Gilbert,chemistry,4,"""for their contributions concerning the determination of base sequences in nucleic acids""",1980,255,chemistry,4,"""for their contributions concerning the determination of base sequences in nucleic acids"""
1980,117,Val,Fitch,physics,2,"""for the discovery of violations of fundamental symmetry principles in the decay of neutral K-mesons""",1980,117,physics,2,"""for the discovery of violations of fundamental symmetry principles in the decay of neutral K-mesons"""
1980,116,James,Cronin,physics,2,"""for the discovery of violations of fundamental symmetry principles in the decay of neutral K-mesons""",1980,116,physics,2,"""for the discovery of violations of fundamental symmetry principles in the decay of neutral K-mesons"""
1980,657,Czeslaw,Milosz,literature,1,"""who with uncompromising clear-sightedness voices man's exposed condition in a world of severe conflicts""",1980,657,literature,1,"""who with uncompromising clear-sightedness voices man's exposed condition in a world of severe conflicts"""
1980,421,George D.,Snell,medicine,3,"""for their discoveries concerning genetically determined structures on the cell surface that regulate immunological reactions""",1980,421,medicine,3,"""for their discoveries concerning genetically determined structures on the cell surface that regulate immunological reactions"""
1981,695,James,Tobin,economics,1,"""for his analysis of financial markets and their relations to expenditure decisions employment production and prices""",1981,695,economics,1,"""for his analysis of financial markets and their relations to expenditure decisions employment production and prices"""
1981,658,Elias,Canetti,literature,1,"""for writings marked by a broad outlook a wealth of ideas and artistic power""",1981,658,literature,1,"""for writings marked by a broad outlook a wealth of ideas and artistic power"""
1981,423,David H.,Hubel,medicine,4,"""for their discoveries concerning information processing in the visual system""",1981,423,medicine,4,"""for their discoveries concerning information processing in the visual system"""
1981,118,Nicolaas,Bloembergen,physics,4,"""for their contribution to the development of laser spectroscopy""",1981,118,physics,4,"""for their contribution to the development of laser spectroscopy"""
1981,515,Office of the United Nations High Commissioner for Refugees,,peace,1,"""for promoting the fundamental rights of refugees""",1954,515,peace,1,"""for its efforts to heal the wounds of war by providing help and protection to refugees all over the world"""
1981,515,Office of the United Nations High Commissioner for Refugees,,peace,1,"""for promoting the fundamental rights of refugees""",1981,515,peace,1,"""for promoting the fundamental rights of refugees"""
1981,422,Roger W.,Sperry,medicine,2,"""for his discoveries concerning the functional specialization of the cerebral hemispheres""",1981,422,medicine,2,"""for his discoveries concerning the functional specialization of the cerebral hemispheres"""
1981,257,Kenichi,Fukui,chemistry,2,"""for their theories developed independently concerning the course of chemical reactions""",1981,257,chemistry,2,"""for their theories developed independently concerning the course of chemical reactions"""
1981,258,Roald,Hoffmann,chemistry,2,"""for their theories developed independently concerning the course of chemical reactions""",1981,258,chemistry,2,"""for their theories developed independently concerning the course of chemical reactions"""
1981,424,Torsten N.,Wiesel,medicine,4,"""for their discoveries concerning information processing in the visual system""",1981,424,medicine,4,"""for their discoveries concerning information processing in the visual system"""
1981,119,Arthur L.,Schawlow,physics,4,"""for their contribution to the development of laser spectroscopy""",1981,119,physics,4,"""for their contribution to the development of laser spectroscopy"""
1981,120,Kai M.,Siegbahn,physics,2,"""for his contribution to the development of high-resolution electron spectroscopy""",1981,120,physics,2,"""for his contribution to the development of high-resolution electron spectroscopy"""
1982,696,George J.,Stigler,economics,1,"""for his seminal studies of industrial structures functioning of markets and causes and effects of public regulation""",1982,696,economics,1,"""for his seminal studies of industrial structures functioning of markets and causes and effects of public regulation"""
1982,543,Alva,Myrdal,peace,2,"""for their work for disarmament and nuclear and weapon-free zones""",1982,543,peace,2,"""for their work for disarmament and nuclear and weapon-free zones"""
1982,659,Gabriel,García Márquez,literature,1,"""for his novels and short stories in which the fantastic and the realistic are combined in a richly composed world of imagination reflecting a continent's life and conflicts""",1982,659,literature,1,"""for his novels and short stories in which the fantastic and the realistic are combined in a richly composed world of imagination reflecting a continent's life and conflicts"""
1982,427,John R.,Vane,medicine,3,"""for their discoveries concerning prostaglandins and related biologically active substances""",1982,427,medicine,3,"""for their discoveries concerning prostaglandins and related biologically active substances"""
1982,259,Aaron,Klug,chemistry,1,"""for his development of crystallographic electron microscopy and his structural elucidation of biologically important nucleic acid-protein complexes""",1982,259,chemistry,1,"""for his development of crystallographic electron microscopy and his structural elucidation of biologically important nucleic acid-protein complexes"""
1982,425,Sune K.,Bergström,medicine,3,"""for their discoveries concerning prostaglandins and related biologically active substances""",1982,425,medicine,3,"""for their discoveries concerning prostaglandins and related biologically active substances"""
1982,121,Kenneth G.,Wilson,physics,1,"""for his theory for critical phenomena in connection with phase transitions""",1982,121,physics,1,"""for his theory for critical phenomena in connection with phase transitions"""
1982,544,Alfonso,García Robles,peace,2,"""for their work for disarmament and nuclear and weapon-free zones""",1982,544,peace,2,"""for their work for disarmament and nuclear and weapon-free zones"""
1982,426,Bengt I.,Samuelsson,medicine,3,"""for their discoveries concerning prostaglandins and related biologically active substances""",1982,426,medicine,3,"""for their discoveries concerning prostaglandins and related biologically active substances"""
1983,545,Lech,Walesa,peace,1,"""for non-violent struggle for free trade unions and human rights in Poland""",1983,545,peace,1,"""for non-violent struggle for free trade unions and human rights in Poland"""
1983,260,Henry,Taube,chemistry,1,"""for his work on the mechanisms of electron transfer reactions especially in metal complexes""",1983,260,chemistry,1,"""for his work on the mechanisms of electron transfer reactions especially in metal complexes"""
1983,428,Barbara,McClintock,medicine,1,"""for her discovery of mobile genetic elements""",1983,428,medicine,1,"""for her discovery of mobile genetic elements"""
1983,697,Gerard,Debreu,economics,1,"""for having incorporated new analytical methods into economic theory and for his rigorous reformulation of the theory of general equilibrium""",1983,697,economics,1,"""for having incorporated new analytical methods into economic theory and for his rigorous reformulation of the theory of general equilibrium"""
1983,660,William,Golding,literature,1,"""for his novels which with the perspicuity of realistic narrative art and the diversity and universality of myth illuminate the human condition in the world of today""",1983,660,literature,1,"""for his novels which with the perspicuity of realistic narrative art and the diversity and universality of myth illuminate the human condition in the world of today"""
1983,123,William A.,Fowler,physics,2,"""for his theoretical and experimental studies of the nuclear reactions of importance in the formation of the chemical elements in the universe""",1983,123,physics,2,"""for his theoretical and experimental studies of the nuclear reactions of importance in the formation of the chemical elements in the universe"""
1983,122,Subramanyan,Chandrasekhar,physics,2,"""for his theoretical studies of the physical processes of importance to the structure and evolution of the stars""",1983,122,physics,2,"""for his theoretical studies of the physical processes of importance to the structure and evolution of the stars"""
1984,429,Niels K.,Jerne,medicine,3,"""for theories concerning the specificity in development and control of the immune system and the discovery of the principle for production of monoclonal antibodies""",1984,429,medicine,3,"""for theories concerning the specificity in development and control of the immune system and the discovery of the principle for production of monoclonal antibodies"""
1984,430,Georges J.F.,Köhler,medicine,3,"""for theories concerning the specificity in development and control of the immune system and the discovery of the principle for production of monoclonal antibodies""",1984,430,medicine,3,"""for theories concerning the specificity in development and control of the immune system and the discovery of the principle for production of monoclonal antibodies"""
1984,431,César,Milstein,medicine,3,"""for theories concerning the specificity in development and control of the immune system and the discovery of the principle for production of monoclonal antibodies""",1984,431,medicine,3,"""for theories concerning the specificity in development and control of the immune system and the discovery of the principle for production of monoclonal antibodies"""
1984,661,Jaroslav,Seifert,literature,1,"""for his poetry which endowed with freshness sensuality and rich inventiveness provides a liberating image of the indomitable spirit and versatility of man""",1984,661,literature,1,"""for his poetry which endowed with freshness sensuality and rich inventiveness provides a liberating image of the indomitable spirit and versatility of man"""
1984,546,Desmond,Tutu,peace,1,"""for his role as a unifying leader figure in the non-violent campaign to resolve the problem of apartheid in South Africa""",1984,546,peace,1,"""for his role as a unifying leader figure in the non-violent campaign to resolve the problem of apartheid in South Africa"""
1984,261,Bruce,Merrifield,chemistry,1,"""for his development of methodology for chemical synthesis on a solid matrix""",1984,261,chemistry,1,"""for his development of methodology for chemical synthesis on a solid matrix"""
1984,125,Simon,van der Meer,physics,2,"""for their decisive contributions to the large project which led to the discovery of the field particles W and Z communicators of weak interaction""",1984,125,physics,2,"""for their decisive contributions to the large project which led to the discovery of the field particles W and Z communicators of weak interaction"""
1984,124,Carlo,Rubbia,physics,2,"""for their decisive contributions to the large project which led to the discovery of the field particles W and Z communicators of weak interaction""",1984,124,physics,2,"""for their decisive contributions to the large project which led to the discovery of the field particles W and Z communicators of weak interaction"""
1984,698,Richard,Stone,economics,1,"""for having made fundamental contributions to the development of systems of national accounts and hence greatly improved the basis for empirical economic analysis""",1984,698,economics,1,"""for having made fundamental contributions to the development of systems of national accounts and hence greatly improved the basis for empirical economic analysis"""
1985,547,International Physicians for the Prevention of Nuclear War,,peace,1,"""for spreading authoritative information and by creating awareness of the catastrophic consequences of nuclear war""",1985,547,peace,1,"""for spreading authoritative information and by creating awareness of the catastrophic consequences of nuclear war"""
1985,126,Klaus,von Klitzing,physics,1,"""for the discovery of the quantized Hall effect""",1985,126,physics,1,"""for the discovery of the quantized Hall effect"""
1985,433,Joseph L.,Goldstein,medicine,2,"""for their discoveries concerning the regulation of cholesterol metabolism""",1985,433,medicine,2,"""for their discoveries concerning the regulation of cholesterol metabolism"""
1985,432,Michael S.,Brown,medicine,2,"""for their discoveries concerning the regulation of cholesterol metabolism""",1985,432,medicine,2,"""for their discoveries concerning the regulation of cholesterol metabolism"""
1985,262,Herbert A.,Hauptman,chemistry,2,"""for their outstanding achievements in the development of direct methods for the determination of crystal structures""",1985,262,chemistry,2,"""for their outstanding achievements in the development of direct methods for the determination of crystal structures"""
1985,263,Jerome,Karle,chemistry,2,"""for their outstanding achievements in the development of direct methods for the determination of crystal structures""",1985,263,chemistry,2,"""for their outstanding achievements in the development of direct methods for the determination of crystal structures"""
1985,662,Claude,Simon,literature,1,"""who in his novel combines the poet's and the painter's creativeness with a deepened awareness of time in the depiction of the human condition""",1985,662,literature,1,"""who in his novel combines the poet's and the painter's creativeness with a deepened awareness of time in the depiction of the human condition"""
1985,699,Franco,Modigliani,economics,1,"""for his pioneering analyses of saving and of financial markets""",1985,699,economics,1,"""for his pioneering analyses of saving and of financial markets"""
1986,264,Dudley R.,Herschbach,chemistry,3,"""for their contributions concerning the dynamics of chemical elementary processes""",1986,264,chemistry,3,"""for their contributions concerning the dynamics of chemical elementary processes"""
1986,266,John C.,Polanyi,chemistry,3,"""for their contributions concerning the dynamics of chemical elementary processes""",1986,266,chemistry,3,"""for their contributions concerning the dynamics of chemical elementary processes"""
1986,128,Gerd,Binnig,physics,4,"""for their design of the scanning tunneling microscope""",1986,128,physics,4,"""for their design of the scanning tunneling microscope"""
1986,129,Heinrich,Rohrer,physics,4,"""for their design of the scanning tunneling microscope""",1986,129,physics,4,"""for their design of the scanning tunneling microscope"""
1986,127,Ernst,Ruska,physics,2,"""for his fundamental work in electron optics and for the design of the first electron microscope""",1986,127,physics,2,"""for his fundamental work in electron optics and for the design of the first electron microscope"""
1986,265,Yuan T.,Lee,chemistry,3,"""for their contributions concerning the dynamics of chemical elementary processes""",1986,265,chemistry,3,"""for their contributions concerning the dynamics of chemical elementary processes"""
1986,435,Rita,Levi-Montalcini,medicine,2,"""for their discoveries of growth factors""",1986,435,medicine,2,"""for their discoveries of growth factors"""
1986,434,Stanley,Cohen,medicine,2,"""for their discoveries of growth factors""",1986,434,medicine,2,"""for their discoveries of growth factors"""
1986,548,Elie,Wiesel,peace,1,"""for being a messenger to mankind: his message is one of peace atonement and dignity""",1986,548,peace,1,"""for being a messenger to mankind: his message is one of peace atonement and dignity"""
1986,663,Wole,Soyinka,literature,1,"""who in a wide cultural perspective and with poetic overtones fashions the drama of existence""",1986,663,literature,1,"""who in a wide cultural perspective and with poetic overtones fashions the drama of existence"""
1986,700,James M.,Buchanan Jr.,economics,1,"""for his development of the contractual and constitutional bases for the theory of economic and political decision-making""",1986,700,economics,1,"""for his development of the contractual and constitutional bases for the theory of economic and political decision-making"""
1987,269,Charles J.,Pedersen,chemistry,3,"""for their development and use of molecules with structure-specific interactions of high selectivity""",1987,269,chemistry,3,"""for their development and use of molecules with structure-specific interactions of high selectivity"""
1987,664,Joseph,Brodsky,literature,1,"""for an all-embracing authorship imbued with clarity of thought and poetic intensity""",1987,664,literature,1,"""for an all-embracing authorship imbued with clarity of thought and poetic intensity"""
1987,131,K. Alex,Müller,physics,2,"""for their important break-through in the discovery of superconductivity in ceramic materials""",1987,131,physics,2,"""for their important break-through in the discovery of superconductivity in ceramic materials"""
1987,268,Jean-Marie,Lehn,chemistry,3,"""for their development and use of molecules with structure-specific interactions of high selectivity""",1987,268,chemistry,3,"""for their development and use of molecules with structure-specific interactions of high selectivity"""
1987,130,J. Georg,Bednorz,physics,2,"""for their important break-through in the discovery of superconductivity in ceramic materials""",1987,130,physics,2,"""for their important break-through in the discovery of superconductivity in ceramic materials"""
1987,436,Susumu,Tonegawa,medicine,1,"""for his discovery of the genetic principle for generation of antibody diversity""",1987,436,medicine,1,"""for his discovery of the genetic principle for generation of antibody diversity"""
1987,701,Robert M.,Solow,economics,1,"""for his contributions to the theory of economic growth""",1987,701,economics,1,"""for his contributions to the theory of economic growth"""
1987,549,Oscar,Arias Sánchez,peace,1,"""for his work for lasting peace in Central America""",1987,549,peace,1,"""for his work for lasting peace in Central America"""
1987,267,Donald J.,Cram,chemistry,3,"""for their development and use of molecules with structure-specific interactions of high selectivity""",1987,267,chemistry,3,"""for their development and use of molecules with structure-specific interactions of high selectivity"""
1988,550,United Nations Peacekeeping Forces,,peace,1,"""for preventing armed clashes and creating conditions for negotiations""",1988,550,peace,1,"""for preventing armed clashes and creating conditions for negotiations"""
1988,134,Jack,Steinberger,physics,3,"""for the neutrino beam method and the demonstration of the doublet structure of the leptons through the discovery of the muon neutrino""",1988,134,physics,3,"""for the neutrino beam method and the demonstration of the doublet structure of the leptons through the discovery of the muon neutrino"""
1988,133,Melvin,Schwartz,physics,3,"""for the neutrino beam method and the demonstration of the doublet structure of the leptons through the discovery of the muon neutrino""",1988,133,physics,3,"""for the neutrino beam method and the demonstration of the doublet structure of the leptons through the discovery of the muon neutrino"""
1988,132,Leon M.,Lederman,physics,3,"""for the neutrino beam method and the demonstration of the doublet structure of the leptons through the discovery of the muon neutrino""",1988,132,physics,3,"""for the neutrino beam method and the demonstration of the doublet structure of the leptons through the discovery of the muon neutrino"""
1988,439,George H.,Hitchings,medicine,3,"""for their discoveries of important principles for drug treatment""",1988,439,medicine,3,"""for their discoveries of important principles for drug treatment"""
1988,272,Hartmut,Michel,chemistry,3,"""for the determination of the three-dimensional structure of a photosynthetic reaction centre""",1988,272,chemistry,3,"""for the determination of the three-dimensional structure of a photosynthetic reaction centre"""
1988,271,Robert,Huber,chemistry,3,"""for the determination of the three-dimensional structure of a photosynthetic reaction centre""",1988,271,chemistry,3,"""for the determination of the three-dimensional structure of a photosynthetic reaction centre"""
1988,270,Johann,Deisenhofer,chemistry,3,"""for the determination of the three-dimensional structure of a photosynthetic reaction centre""",1988,270,chemistry,3,"""for the determination of the three-dimensional structure of a photosynthetic reaction centre"""
1988,665,Naguib,Mahfouz,literature,1,"""who through works rich in nuance - now clear-sightedly realistic now evocatively ambiguous - has formed an Arabian narrative art that applies to all mankind""",1988,665,literature,1,"""who through works rich in nuance - now clear-sightedly realistic now evocatively ambiguous - has formed an Arabian narrative art that applies to all mankind"""
1988,437,Sir James W.,Black,medicine,3,"""for their discoveries of important principles for drug treatment""",1988,437,medicine,3,"""for their discoveries of important principles for drug treatment"""
1988,438,Gertrude B.,Elion,medicine,3,"""for their discoveries of important principles for drug treatment""",1988,438,medicine,3,"""for their discoveries of important principles for drug treatment"""
1988,702,Maurice,Allais,economics,1,"""for his pioneering contributions to the theory of markets and efficient utilization of resources""",1988,702,economics,1,"""for his pioneering contributions to the theory of markets and efficient utilization of resources"""
1989,274,Thomas R.,Cech,chemistry,2,"""for their discovery of catalytic properties of RNA""",1989,274,chemistry,2,"""for their discovery of catalytic properties of RNA"""
1989,273,Sidney,Altman,chemistry,2,"""for their discovery of catalytic properties of RNA""",1989,273,chemistry,2,"""for their discovery of catalytic properties of RNA"""
1989,136,Hans G.,Dehmelt,physics,4,"""for the development of the ion trap technique""",1989,136,physics,4,"""for the development of the ion trap technique"""
1989,135,Norman F.,Ramsey,physics,2,"""for the invention of the separated oscillatory fields method and its use in the hydrogen maser and other atomic clocks""",1989,135,physics,2,"""for the invention of the separated oscillatory fields method and its use in the hydrogen maser and other atomic clocks"""
1989,440,J. Michael,Bishop,medicine,2,"""for their discovery of the cellular origin of retroviral oncogenes""",1989,440,medicine,2,"""for their discovery of the cellular origin of retroviral oncogenes"""
1989,137,Wolfgang,Paul,physics,4,"""for the development of the ion trap technique""",1989,137,physics,4,"""for the development of the ion trap technique"""
1989,703,Trygve,Haavelmo,economics,1,"""for his clarification of the probability theory foundations of econometrics and his analyses of simultaneous economic structures""",1989,703,economics,1,"""for his clarification of the probability theory foundations of econometrics and his analyses of simultaneous economic structures"""
1989,666,Camilo José,Cela,literature,1,"""for a rich and intensive prose which with restrained compassion forms a challenging vision of man's vulnerability""",1989,666,literature,1,"""for a rich and intensive prose which with restrained compassion forms a challenging vision of man's vulnerability"""
1989,551,Lhamo,Thondup,peace,1,"""for advocating peaceful solutions based upon tolerance and mutual respect in order to preserve the historical and cultural heritage of his people""",1989,551,peace,1,"""for advocating peaceful solutions based upon tolerance and mutual respect in order to preserve the historical and cultural heritage of his people"""
1989,441,Harold E.,Varmus,medicine,2,"""for their discovery of the cellular origin of retroviral oncogenes""",1989,441,medicine,2,"""for their discovery of the cellular origin of retroviral oncogenes"""
1990,667,Octavio,Paz,literature,1,"""for impassioned writing with wide horizons characterized by sensuous intelligence and humanistic integrity""",1990,667,literature,1,"""for impassioned writing with wide horizons characterized by sensuous intelligence and humanistic integrity"""
1990,140,Richard E.,Taylor,physics,3,"""for their pioneering investigations concerning deep inelastic scattering of electrons on protons and bound neutrons which have been of essential importance for the development of the quark model in particle physics""",1990,140,physics,3,"""for their pioneering investigations concerning deep inelastic scattering of electrons on protons and bound neutrons which have been of essential importance for the development of the quark model in particle physics"""
1990,139,Henry W.,Kendall,physics,3,"""for their pioneering investigations concerning deep inelastic scattering of electrons on protons and bound neutrons which have been of essential importance for the development of the quark model in particle physics""",1990,139,physics,3,"""for their pioneering investigations concerning deep inelastic scattering of electrons on protons and bound neutrons which have been of essential importance for the development of the quark model in particle physics"""
1990,138,Jerome I.,Friedman,physics,3,"""for their pioneering investigations concerning deep inelastic scattering of electrons on protons and bound neutrons which have been of essential importance for the development of the quark model in particle physics""",1990,138,physics,3,"""for their pioneering investigations concerning deep inelastic scattering of electrons on protons and bound neutrons which have been of essential importance for the development of the quark model in particle physics"""
1990,704,Harry M.,Markowitz,economics,3,"""for their pioneering work in the theory of financial economics""",1990,704,economics,3,"""for their pioneering work in the theory of financial economics"""
1990,705,Merton H.,Miller,economics,3,"""for their pioneering work in the theory of financial economics""",1990,705,economics,3,"""for their pioneering work in the theory of financial economics"""
1990,442,Joseph E.,Murray,medicine,2,"""for their discoveries concerning organ and cell transplantation in the treatment of human disease""",1990,442,medicine,2,"""for their discoveries concerning organ and cell transplantation in the treatment of human disease"""
1990,552,Mikhail,Gorbachev,peace,1,"""for the leading role he played in the radical changes in East-West relations""",1990,552,peace,1,"""for the leading role he played in the radical changes in East-West relations"""
1990,443,E. Donnall,Thomas,medicine,2,"""for their discoveries concerning organ and cell transplantation in the treatment of human disease""",1990,443,medicine,2,"""for their discoveries concerning organ and cell transplantation in the treatment of human disease"""
1990,706,William F.,Sharpe,economics,3,"""for their pioneering work in the theory of financial economics""",1990,706,economics,3,"""for their pioneering work in the theory of financial economics"""
1990,275,Elias James,Corey,chemistry,1,"""for his development of the theory and methodology of organic synthesis""",1990,275,chemistry,1,"""for his development of the theory and methodology of organic synthesis"""
1991,707,Ronald H.,Coase,economics,1,"""for his discovery and clarification of the significance of transaction costs and property rights for the institutional structure and functioning of the economy""",1991,707,economics,1,"""for his discovery and clarification of the significance of transaction costs and property rights for the institutional structure and functioning of the economy"""
1991,668,Nadine,Gordimer,literature,1,"""who through her magnificent epic writing has - in the words of Alfred Nobel - been of very great benefit to humanity""",1991,668,literature,1,"""who through her magnificent epic writing has - in the words of Alfred Nobel - been of very great benefit to humanity"""
1991,445,Bert,Sakmann,medicine,2,"""for their discoveries concerning the function of single ion channels in cells""",1991,445,medicine,2,"""for their discoveries concerning the function of single ion channels in cells"""
1991,141,Pierre-Gilles,de Gennes,physics,1,"""for discovering that methods developed for studying order phenomena in simple systems can be generalized to more complex forms of matter in particular to liquid crystals and polymers""",1991,141,physics,1,"""for discovering that methods developed for studying order phenomena in simple systems can be generalized to more complex forms of matter in particular to liquid crystals and polymers"""
1991,553,Aung San Suu Kyi,,peace,1,"""for her non-violent struggle for democracy and human rights""",1991,553,peace,1,"""for her non-violent struggle for democracy and human rights"""
1991,444,Erwin,Neher,medicine,2,"""for their discoveries concerning the function of single ion channels in cells""",1991,444,medicine,2,"""for their discoveries concerning the function of single ion channels in cells"""
1991,276,Richard R.,Ernst,chemistry,1,"""for his contributions to the development of the methodology of high resolution nuclear magnetic resonance (NMR) spectroscopy""",1991,276,chemistry,1,"""for his contributions to the development of the methodology of high resolution nuclear magnetic resonance (NMR) spectroscopy"""
1992,669,Derek,Walcott,literature,1,"""for a poetic oeuvre of great luminosity sustained by a historical vision the outcome of a multicultural commitment""",1992,669,literature,1,"""for a poetic oeuvre of great luminosity sustained by a historical vision the outcome of a multicultural commitment"""
1992,446,Edmond H.,Fischer,medicine,2,"""for their discoveries concerning reversible protein phosphorylation as a biological regulatory mechanism""",1992,446,medicine,2,"""for their discoveries concerning reversible protein phosphorylation as a biological regulatory mechanism"""
1992,277,Rudolph A.,Marcus,chemistry,1,"""for his contributions to the theory of electron transfer reactions in chemical systems""",1992,277,chemistry,1,"""for his contributions to the theory of electron transfer reactions in chemical systems"""
1992,708,Gary,Becker,economics,1,"""for having extended the domain of microeconomic analysis to a wide range of human behaviour and interaction including nonmarket behaviour""",1992,708,economics,1,"""for having extended the domain of microeconomic analysis to a wide range of human behaviour and interaction including nonmarket behaviour"""
1992,554,Rigoberta,Menchú Tum,peace,1,"""for her struggle for social justice and ethno-cultural reconciliation based on respect for the rights of indigenous peoples""",1992,554,peace,1,"""for her struggle for social justice and ethno-cultural reconciliation based on respect for the rights of indigenous peoples"""
1992,142,Georges,Charpak,physics,1,"""for his invention and development of particle detectors in particular the multiwire proportional chamber""",1992,142,physics,1,"""for his invention and development of particle detectors in particular the multiwire proportional chamber"""
1992,447,Edwin G.,Krebs,medicine,2,"""for their discoveries concerning reversible protein phosphorylation as a biological regulatory mechanism""",1992,447,medicine,2,"""for their discoveries concerning reversible protein phosphorylation as a biological regulatory mechanism"""
1993,143,Russell A.,Hulse,physics,2,"""for the discovery of a new type of pulsar a discovery that has opened up new possibilities for the study of gravitation""",1993,143,physics,2,"""for the discovery of a new type of pulsar a discovery that has opened up new possibilities for the study of gravitation"""
1993,144,Joseph H.,Taylor Jr.,physics,2,"""for the discovery of a new type of pulsar a discovery that has opened up new possibilities for the study of gravitation""",1993,144,physics,2,"""for the discovery of a new type of pulsar a discovery that has opened up new possibilities for the study of gravitation"""
1993,670,Toni,Morrison,literature,1,"""who in novels characterized by visionary force and poetic import gives life to an essential aspect of American reality""",1993,670,literature,1,"""who in novels characterized by visionary force and poetic import gives life to an essential aspect of American reality"""
1993,710,Douglass C.,North,economics,2,"""for having renewed research in economic history by applying economic theory and quantitative methods in order to explain economic and institutional change""",1993,710,economics,2,"""for having renewed research in economic history by applying economic theory and quantitative methods in order to explain economic and institutional change"""
1993,279,Michael,Smith,chemistry,2,"""for his fundamental contributions to the establishment of oligonucleotide-based site-directed mutagenesis and its development for protein studies""",1993,279,chemistry,2,"""for his fundamental contributions to the establishment of oligonucleotide-based site-directed mutagenesis and its development for protein studies"""
1993,449,Phillip A.,Sharp,medicine,2,"""for their discoveries of split genes""",1993,449,medicine,2,"""for their discoveries of split genes"""
1993,448,Richard J.,Roberts,medicine,2,"""for their discoveries of split genes""",1993,448,medicine,2,"""for their discoveries of split genes"""
1993,278,Kary B.,Mullis,chemistry,2,"""for his invention of the polymerase chain reaction (PCR) method""",1993,278,chemistry,2,"""for his invention of the polymerase chain reaction (PCR) method"""
1993,556,F.W.,de Klerk,peace,2,"""for their work for the peaceful termination of the apartheid regime and for laying the foundations for a new democratic South Africa""",1993,556,peace,2,"""for their work for the peaceful termination of the apartheid regime and for laying the foundations for a new democratic South Africa"""
1993,709,Robert W.,Fogel,economics,2,"""for having renewed research in economic history by applying economic theory and quantitative methods in order to explain economic and institutional change""",1993,709,economics,2,"""for having renewed research in economic history by applying economic theory and quantitative methods in order to explain economic and institutional change"""
1993,555,Nelson,Mandela,peace,2,"""for their work for the peaceful termination of the apartheid regime and for laying the foundations for a new democratic South Africa""",1993,555,peace,2,"""for their work for the peaceful termination of the apartheid regime and for laying the foundations for a new democratic South Africa"""
1994,450,Alfred G.,Gilman,medicine,2,"""for their discovery of G-proteins and the role of these proteins in signal transduction in cells""",1994,450,medicine,2,"""for their discovery of G-proteins and the role of these proteins in signal transduction in cells"""
1994,451,Martin,Rodbell,medicine,2,"""for their discovery of G-proteins and the role of these proteins in signal transduction in cells""",1994,451,medicine,2,"""for their discovery of G-proteins and the role of these proteins in signal transduction in cells"""
1994,280,George A.,Olah,chemistry,1,"""for his contribution to carbocation chemistry""",1994,280,chemistry,1,"""for his contribution to carbocation chemistry"""
1994,145,Bertram N.,Brockhouse,physics,2,"""for the development of neutron spectroscopy""",1994,145,physics,2,"""for the development of neutron spectroscopy"""
1994,146,Clifford G.,Shull,physics,2,"""for the development of the neutron diffraction technique""",1994,146,physics,2,"""for the development of the neutron diffraction technique"""
1994,671,Kenzaburo,Oe,literature,1,"""who with poetic force creates an imagined world where life and myth condense to form a disconcerting picture of the human predicament today""",1994,671,literature,1,"""who with poetic force creates an imagined world where life and myth condense to form a disconcerting picture of the human predicament today"""
1994,557,Yasser,Arafat,peace,3,"""for their efforts to create peace in the Middle East""",1994,557,peace,3,"""for their efforts to create peace in the Middle East"""
1994,559,Yitzhak,Rabin,peace,3,"""for their efforts to create peace in the Middle East""",1994,559,peace,3,"""for their efforts to create peace in the Middle East"""
1994,558,Shimon,Peres,peace,3,"""for their efforts to create peace in the Middle East""",1994,558,peace,3,"""for their efforts to create peace in the Middle East"""
1994,711,John C.,Harsanyi,economics,3,"""for their pioneering analysis of equilibria in the theory of non-cooperative games""",1994,711,economics,3,"""for their pioneering analysis of equilibria in the theory of non-cooperative games"""
1994,712,John F.,Nash Jr.,economics,3,"""for their pioneering analysis of equilibria in the theory of non-cooperative games""",1994,712,economics,3,"""for their pioneering analysis of equilibria in the theory of non-cooperative games"""
1994,713,Reinhard,Selten,economics,3,"""for their pioneering analysis of equilibria in the theory of non-cooperative games""",1994,713,economics,3,"""for their pioneering analysis of equilibria in the theory of non-cooperative games"""
1995,148,Frederick,Reines,physics,2,"""for the detection of the neutrino""",1995,148,physics,2,"""for the detection of the neutrino"""
1995,452,Edward B.,Lewis,medicine,3,"""for their discoveries concerning the genetic control of early embryonic development""",1995,452,medicine,3,"""for their discoveries concerning the genetic control of early embryonic development"""
1995,281,Paul J.,Crutzen,chemistry,3,"""for their work in atmospheric chemistry particularly concerning the formation and decomposition of ozone""",1995,281,chemistry,3,"""for their work in atmospheric chemistry particularly concerning the formation and decomposition of ozone"""
1995,282,Mario J.,Molina,chemistry,3,"""for their work in atmospheric chemistry particularly concerning the formation and decomposition of ozone""",1995,282,chemistry,3,"""for their work in atmospheric chemistry particularly concerning the formation and decomposition of ozone"""
1995,714,Robert E.,Lucas Jr.,economics,1,"""for having developed and applied the hypothesis of rational expectations and thereby having transformed macroeconomic analysis and deepened our understanding of economic policy""",1995,714,economics,1,"""for having developed and applied the hypothesis of rational expectations and thereby having transformed macroeconomic analysis and deepened our understanding of economic policy"""
1995,672,Seamus,Heaney,literature,1,"""for works of lyrical beauty and ethical depth which exalt everyday miracles and the living past""",1995,672,literature,1,"""for works of lyrical beauty and ethical depth which exalt everyday miracles and the living past"""
1995,283,F. Sherwood,Rowland,chemistry,3,"""for their work in atmospheric chemistry particularly concerning the formation and decomposition of ozone""",1995,283,chemistry,3,"""for their work in atmospheric chemistry particularly concerning the formation and decomposition of ozone"""
1995,453,Christiane,Nüsslein-Volhard,medicine,3,"""for their discoveries concerning the genetic control of early embryonic development""",1995,453,medicine,3,"""for their discoveries concerning the genetic control of early embryonic development"""
1995,560,Joseph,Rotblat,peace,2,"""for their efforts to diminish the part played by nuclear arms in international politics and in the longer run to eliminate such arms""",1995,560,peace,2,"""for their efforts to diminish the part played by nuclear arms in international politics and in the longer run to eliminate such arms"""
1995,561,Pugwash Conferences on Science and World Affairs,,peace,2,"""for their efforts to diminish the part played by nuclear arms in international politics and in the longer run to eliminate such arms""",1995,561,peace,2,"""for their efforts to diminish the part played by nuclear arms in international politics and in the longer run to eliminate such arms"""
1995,147,Martin L.,Perl,physics,2,"""for the discovery of the tau lepton""",1995,147,physics,2,"""for the discovery of the tau lepton"""
1995,454,Eric F.,Wieschaus,medicine,3,"""for their discoveries concerning the genetic control of early embryonic development""",1995,454,medicine,3,"""for their discoveries concerning the genetic control of early embryonic development"""
1996,149,David M.,Lee,physics,3,"""for their discovery of superfluidity in helium-3""",1996,149,physics,3,"""for their discovery of superfluidity in helium-3"""
1996,151,Robert C.,Richardson,physics,3,"""for their discovery of superfluidity in helium-3""",1996,151,physics,3,"""for their discovery of superfluidity in helium-3"""
1996,150,Douglas D.,Osheroff,physics,3,"""for their discovery of superfluidity in helium-3""",1996,150,physics,3,"""for their discovery of superfluidity in helium-3"""
1996,455,Peter C.,Doherty,medicine,2,"""for their discoveries concerning the specificity of the cell mediated immune defence""",1996,455,medicine,2,"""for their discoveries concerning the specificity of the cell mediated immune defence"""
1996,456,Rolf M.,Zinkernagel,medicine,2,"""for their discoveries concerning the specificity of the cell mediated immune defence""",1996,456,medicine,2,"""for their discoveries concerning the specificity of the cell mediated immune defence"""
1996,286,Richard E.,Smalley,chemistry,3,"""for their discovery of fullerenes""",1996,286,chemistry,3,"""for their discovery of fullerenes"""
1996,673,Wislawa,Szymborska,literature,1,"""for poetry that with ironic precision allows the historical and biological context to come to light in fragments of human reality""",1996,673,literature,1,"""for poetry that with ironic precision allows the historical and biological context to come to light in fragments of human reality"""
1996,562,Carlos Filipe Ximenes,Belo,peace,2,"""for their work towards a just and peaceful solution to the conflict in East Timor""",1996,562,peace,2,"""for their work towards a just and peaceful solution to the conflict in East Timor"""
1996,563,José,Ramos-Horta,peace,2,"""for their work towards a just and peaceful solution to the conflict in East Timor""",1996,563,peace,2,"""for their work towards a just and peaceful solution to the conflict in East Timor"""
1996,284,Robert F.,Curl Jr.,chemistry,3,"""for their discovery of fullerenes""",1996,284,chemistry,3,"""for their discovery of fullerenes"""
1996,716,William,Vickrey,economics,2,"""for their fundamental contributions to the economic theory of incentives under asymmetric information""",1996,716,economics,2,"""for their fundamental contributions to the economic theory of incentives under asymmetric information"""
1996,285,Sir Harold,Kroto,chemistry,3,"""for their discovery of fullerenes""",1996,285,chemistry,3,"""for their discovery of fullerenes"""
1996,715,James A.,Mirrlees,economics,2,"""for their fundamental contributions to the economic theory of incentives under asymmetric information""",1996,715,economics,2,"""for their fundamental contributions to the economic theory of incentives under asymmetric information"""
1997,674,Dario,Fo,literature,1,"""who emulates the jesters of the Middle Ages in scourging authority and upholding the dignity of the downtrodden""",1997,674,literature,1,"""who emulates the jesters of the Middle Ages in scourging authority and upholding the dignity of the downtrodden"""
1997,288,John E.,Walker,chemistry,4,"""for their elucidation of the enzymatic mechanism underlying the synthesis of adenosine triphosphate (ATP)""",1997,288,chemistry,4,"""for their elucidation of the enzymatic mechanism underlying the synthesis of adenosine triphosphate (ATP)"""
1997,289,Jens C.,Skou,chemistry,2,"""for the first discovery of an ion-transporting enzyme Na+ K+ -ATPase""",1997,289,chemistry,2,"""for the first discovery of an ion-transporting enzyme Na+ K+ -ATPase"""
1997,717,Robert C.,Merton,economics,2,"""for a new method to determine the value of derivatives""",1997,717,economics,2,"""for a new method to determine the value of derivatives"""
1997,457,Stanley B.,Prusiner,medicine,1,"""for his discovery of Prions - a new biological principle of infection""",1997,457,medicine,1,"""for his discovery of Prions - a new biological principle of infection"""
1997,154,William D.,Phillips,physics,3,"""for development of methods to cool and trap atoms with laser light""",1997,154,physics,3,"""for development of methods to cool and trap atoms with laser light"""
1997,718,Myron,Scholes,economics,2,"""for a new method to determine the value of derivatives""",1997,718,economics,2,"""for a new method to determine the value of derivatives"""
1997,153,Claude,Cohen-Tannoudji,physics,3,"""for development of methods to cool and trap atoms with laser light""",1997,153,physics,3,"""for development of methods to cool and trap atoms with laser light"""
1997,152,Steven,Chu,physics,3,"""for development of methods to cool and trap atoms with laser light""",1997,152,physics,3,"""for development of methods to cool and trap atoms with laser light"""
1997,565,Jody,Williams,peace,2,"""for their work for the banning and clearing of anti-personnel mines""",1997,565,peace,2,"""for their work for the banning and clearing of anti-personnel mines"""
1997,564,International Campaign to Ban Landmines,,peace,2,"""for their work for the banning and clearing of anti-personnel mines""",1997,564,peace,2,"""for their work for the banning and clearing of anti-personnel mines"""
1997,287,Paul D.,Boyer,chemistry,4,"""for their elucidation of the enzymatic mechanism underlying the synthesis of adenosine triphosphate (ATP)""",1997,287,chemistry,4,"""for their elucidation of the enzymatic mechanism underlying the synthesis of adenosine triphosphate (ATP)"""
1998,719,Amartya,Sen,economics,1,"""for his contributions to welfare economics""",1998,719,economics,1,"""for his contributions to welfare economics"""
1998,156,Horst L.,Störmer,physics,3,"""for their discovery of a new form of quantum fluid with fractionally charged excitations""",1998,156,physics,3,"""for their discovery of a new form of quantum fluid with fractionally charged excitations"""
1998,675,José,Saramago,literature,1,"""who with parables sustained by imagination compassion and irony continually enables us once again to apprehend an elusory reality""",1998,675,literature,1,"""who with parables sustained by imagination compassion and irony continually enables us once again to apprehend an elusory reality"""
1998,157,Daniel C.,Tsui,physics,3,"""for their discovery of a new form of quantum fluid with fractionally charged excitations""",1998,157,physics,3,"""for their discovery of a new form of quantum fluid with fractionally charged excitations"""
1998,290,Walter,Kohn,chemistry,2,"""for his development of the density-functional theory""",1998,290,chemistry,2,"""for his development of the density-functional theory"""
1998,458,Robert F.,Furchgott,medicine,3,"""for their discoveries concerning nitric oxide as a signalling molecule in the cardiovascular system""",1998,458,medicine,3,"""for their discoveries concerning nitric oxide as a signalling molecule in the cardiovascular system"""
1998,459,Louis J.,Ignarro,medicine,3,"""for their discoveries concerning nitric oxide as a signalling molecule in the cardiovascular system""",1998,459,medicine,3,"""for their discoveries concerning nitric oxide as a signalling molecule in the cardiovascular system"""
1998,460,Ferid,Murad,medicine,3,"""for their discoveries concerning nitric oxide as a signalling molecule in the cardiovascular system""",1998,460,medicine,3,"""for their discoveries concerning nitric oxide as a signalling molecule in the cardiovascular system"""
1998,291,John,Pople,chemistry,2,"""for his development of computational methods in quantum chemistry""",1998,291,chemistry,2,"""for his development of computational methods in quantum chemistry"""
1998,566,John,Hume,peace,2,"""for their efforts to find a peaceful solution to the conflict in Northern Ireland""",1998,566,peace,2,"""for their efforts to find a peaceful solution to the conflict in Northern Ireland"""
1998,567,David,Trimble,peace,2,"""for their efforts to find a peaceful solution to the conflict in Northern Ireland""",1998,567,peace,2,"""for their efforts to find a peaceful solution to the conflict in Northern Ireland"""
1998,155,Robert B.,Laughlin,physics,3,"""for their discovery of a new form of quantum fluid with fractionally charged excitations""",1998,155,physics,3,"""for their discovery of a new form of quantum fluid with fractionally charged excitations"""
1999,676,Günter,Grass,literature,1,"""whose frolicsome black fables portray the forgotten face of history""",1999,676,literature,1,"""whose frolicsome black fables portray the forgotten face of history"""
1999,292,Ahmed,Zewail,chemistry,1,"""for his studies of the transition states of chemical reactions using femtosecond spectroscopy""",1999,292,chemistry,1,"""for his studies of the transition states of chemical reactions using femtosecond spectroscopy"""
1999,568,Doctors Without Borders,,peace,1,"""in recognition of the organisation's pioneering humanitarian work on several continents""",1999,568,peace,1,"""in recognition of the organisation's pioneering humanitarian work on several continents"""
1999,159,Martinus J.G.,Veltman,physics,2,"""for elucidating the quantum structure of electroweak interactions in physics""",1999,159,physics,2,"""for elucidating the quantum structure of electroweak interactions in physics"""
1999,158,Gerardus,'t Hooft,physics,2,"""for elucidating the quantum structure of electroweak interactions in physics""",1999,158,physics,2,"""for elucidating the quantum structure of electroweak interactions in physics"""
1999,720,Robert,Mundell,economics,1,"""for his analysis of monetary and fiscal policy under different exchange rate regimes and his analysis of optimum currency areas""",1999,720,economics,1,"""for his analysis of monetary and fiscal policy under different exchange rate regimes and his analysis of optimum currency areas"""
1999,461,Günter,Blobel,medicine,1,"""for the discovery that proteins have intrinsic signals that govern their transport and localization in the cell""",1999,461,medicine,1,"""for the discovery that proteins have intrinsic signals that govern their transport and localization in the cell"""
2000,730,Alan,MacDiarmid,chemistry,3,"""for the discovery and development of conductive polymers""",2000,730,chemistry,3,"""for the discovery and development of conductive polymers"""
2000,734,Xingjian,Gao,literature,1,"""for an œuvre of universal validity bitter insights and linguistic ingenuity which has opened new paths for the Chinese novel and drama""",2000,734,literature,1,"""for an œuvre of universal validity bitter insights and linguistic ingenuity which has opened new paths for the Chinese novel and drama"""
2000,733,Daniel L.,McFadden,economics,2,"""for his development of theory and methods for analyzing discrete choice""",2000,733,economics,2,"""for his development of theory and methods for analyzing discrete choice"""
2000,732,James J.,Heckman,economics,2,"""for his development of theory and methods for analyzing selective samples""",2000,732,economics,2,"""for his development of theory and methods for analyzing selective samples"""
2000,731,Hideki,Shirakawa,chemistry,3,"""for the discovery and development of conductive polymers""",2000,731,chemistry,3,"""for the discovery and development of conductive polymers"""
2000,729,Alan,Heeger,chemistry,3,"""for the discovery and development of conductive polymers""",2000,729,chemistry,3,"""for the discovery and development of conductive polymers"""
2000,723,Paul,Greengard,medicine,3,"""for their discoveries concerning signal transduction in the nervous system""",2000,723,medicine,3,"""for their discoveries concerning signal transduction in the nervous system"""
2000,727,Herbert,Kroemer,physics,4,"""for developing semiconductor heterostructures used in high-speed- and opto-electronics""",2000,727,physics,4,"""for developing semiconductor heterostructures used in high-speed- and opto-electronics"""
2000,726,Zhores,Alferov,physics,4,"""for developing semiconductor heterostructures used in high-speed- and opto-electronics""",2000,726,physics,4,"""for developing semiconductor heterostructures used in high-speed- and opto-electronics"""
2000,725,Kim,Dae-jung,peace,1,"""for his work for democracy and human rights in South Korea and in East Asia in general and for peace and reconciliation with North Korea in particular""",2000,725,peace,1,"""for his work for democracy and human rights in South Korea and in East Asia in general and for peace and reconciliation with North Korea in particular"""
2000,724,Eric,Kandel,medicine,3,"""for their discoveries concerning signal transduction in the nervous system""",2000,724,medicine,3,"""for their discoveries concerning signal transduction in the nervous system"""
2000,722,Arvid,Carlsson,medicine,3,"""for their discoveries concerning signal transduction in the nervous system""",2000,722,medicine,3,"""for their discoveries concerning signal transduction in the nervous system"""
2000,728,Jack,Kilby,physics,2,"""for his part in the invention of the integrated circuit""",2000,728,physics,2,"""for his part in the invention of the integrated circuit"""
2001,744,George A.,Akerlof,economics,3,"""for their analyses of markets with asymmetric information""",2001,744,economics,3,"""for their analyses of markets with asymmetric information"""
2001,749,Kofi,Annan,peace,2,"""for their work for a better organized and more peaceful world""",2001,749,peace,2,"""for their work for a better organized and more peaceful world"""
2001,748,United Nations,,peace,2,"""for their work for a better organized and more peaceful world""",2001,748,peace,2,"""for their work for a better organized and more peaceful world"""
2001,747,V. S.,Naipaul,literature,1,"""for having united perceptive narrative and incorruptible scrutiny in works that compel us to see the presence of suppressed histories""",2001,747,literature,1,"""for having united perceptive narrative and incorruptible scrutiny in works that compel us to see the presence of suppressed histories"""
2001,746,Joseph E.,Stiglitz,economics,3,"""for their analyses of markets with asymmetric information""",2001,746,economics,3,"""for their analyses of markets with asymmetric information"""
2001,745,A. Michael,Spence,economics,3,"""for their analyses of markets with asymmetric information""",2001,745,economics,3,"""for their analyses of markets with asymmetric information"""
2001,743,Barry,Sharpless,chemistry,2,"""for his work on chirally catalysed oxidation reactions""",2001,743,chemistry,2,"""for his work on chirally catalysed oxidation reactions"""
2001,743,Barry,Sharpless,chemistry,2,"""for his work on chirally catalysed oxidation reactions""",2022,743,chemistry,3,"""for the development of click chemistry and bioorthogonal chemistry"""
2001,742,Ryoji,Noyori,chemistry,4,"""for their work on chirally catalysed hydrogenation reactions""",2001,742,chemistry,4,"""for their work on chirally catalysed hydrogenation reactions"""
2001,741,William,Knowles,chemistry,4,"""for their work on chirally catalysed hydrogenation reactions""",2001,741,chemistry,4,"""for their work on chirally catalysed hydrogenation reactions"""
2001,740,Carl,Wieman,physics,3,"""for the achievement of Bose-Einstein condensation in dilute gases of alkali atoms and for early fundamental studies of the properties of the condensates""",2001,740,physics,3,"""for the achievement of Bose-Einstein condensation in dilute gases of alkali atoms and for early fundamental studies of the properties of the condensates"""
2001,739,Wolfgang,Ketterle,physics,3,"""for the achievement of Bose-Einstein condensation in dilute gases of alkali atoms and for early fundamental studies of the properties of the condensates""",2001,739,physics,3,"""for the achievement of Bose-Einstein condensation in dilute gases of alkali atoms and for early fundamental studies of the properties of the condensates"""
2001,738,Eric,Cornell,physics,3,"""for the achievement of Bose-Einstein condensation in dilute gases of alkali atoms and for early fundamental studies of the properties of the condensates""",2001,738,physics,3,"""for the achievement of Bose-Einstein condensation in dilute gases of alkali atoms and for early fundamental studies of the properties of the condensates"""
2001,737,Sir Paul,Nurse,medicine,3,"""for their discoveries of key regulators of the cell cycle""",2001,737,medicine,3,"""for their discoveries of key regulators of the cell cycle"""
2001,736,Tim,Hunt,medicine,3,"""for their discoveries of key regulators of the cell cycle""",2001,736,medicine,3,"""for their discoveries of key regulators of the cell cycle"""
2001,735,Leland,Hartwell,medicine,3,"""for their discoveries of key regulators of the cell cycle""",2001,735,medicine,3,"""for their discoveries of key regulators of the cell cycle"""
2002,762,Jimmy,Carter,peace,1,"""for his decades of untiring effort to find peaceful solutions to international conflicts to advance democracy and human rights and to promote economic and social development""",2002,762,peace,1,"""for his decades of untiring effort to find peaceful solutions to international conflicts to advance democracy and human rights and to promote economic and social development"""
2002,761,Imre,Kertész,literature,1,"""for writing that upholds the fragile experience of the individual against the barbaric arbitrariness of history""",2002,761,literature,1,"""for writing that upholds the fragile experience of the individual against the barbaric arbitrariness of history"""
2002,759,Daniel,Kahneman,economics,2,"""for having integrated insights from psychological research into economic science especially concerning human judgment and decision-making under uncertainty""",2002,759,economics,2,"""for having integrated insights from psychological research into economic science especially concerning human judgment and decision-making under uncertainty"""
2002,758,Kurt,Wüthrich,chemistry,2,"""for his development of nuclear magnetic resonance spectroscopy for determining the three-dimensional structure of biological macromolecules in solution""",2002,758,chemistry,2,"""for his development of nuclear magnetic resonance spectroscopy for determining the three-dimensional structure of biological macromolecules in solution"""
2002,757,Koichi,Tanaka,chemistry,4,"""for their development of soft desorption ionisation methods for mass spectrometric analyses of biological macromolecules""",2002,757,chemistry,4,"""for their development of soft desorption ionisation methods for mass spectrometric analyses of biological macromolecules"""
2002,756,John B.,Fenn,chemistry,4,"""for their development of soft desorption ionisation methods for mass spectrometric analyses of biological macromolecules""",2002,756,chemistry,4,"""for their development of soft desorption ionisation methods for mass spectrometric analyses of biological macromolecules"""
2002,760,Vernon L.,Smith,economics,2,"""for having established laboratory experiments as a tool in empirical economic analysis especially in the study of alternative market mechanisms""",2002,760,economics,2,"""for having established laboratory experiments as a tool in empirical economic analysis especially in the study of alternative market mechanisms"""
2002,754,Masatoshi,Koshiba,physics,4,"""for pioneering contributions to astrophysics in particular for the detection of cosmic neutrinos""",2002,754,physics,4,"""for pioneering contributions to astrophysics in particular for the detection of cosmic neutrinos"""
2002,753,Raymond,Davis Jr.,physics,4,"""for pioneering contributions to astrophysics in particular for the detection of cosmic neutrinos""",2002,753,physics,4,"""for pioneering contributions to astrophysics in particular for the detection of cosmic neutrinos"""
2002,752,John E.,Sulston,medicine,3,"""for their discoveries concerning genetic regulation of organ development and programmed cell death'""",2002,752,medicine,3,"""for their discoveries concerning genetic regulation of organ development and programmed cell death'"""
2002,751,H. Robert,Horvitz,medicine,3,"""for their discoveries concerning genetic regulation of organ development and programmed cell death'""",2002,751,medicine,3,"""for their discoveries concerning genetic regulation of organ development and programmed cell death'"""
2002,750,Sydney,Brenner,medicine,3,"""for their discoveries concerning genetic regulation of organ development and programmed cell death'""",2002,750,medicine,3,"""for their discoveries concerning genetic regulation of organ development and programmed cell death'"""
2002,755,Riccardo,Giacconi,physics,2,"""for pioneering contributions to astrophysics which have led to the discovery of cosmic X-ray sources""",2002,755,physics,2,"""for pioneering contributions to astrophysics which have led to the discovery of cosmic X-ray sources"""
2003,773,Shirin,Ebadi,peace,1,"""for her efforts for democracy and human rights. She has focused especially on the struggle for the rights of women and children""",2003,773,peace,1,"""for her efforts for democracy and human rights. She has focused especially on the struggle for the rights of women and children"""
2003,772,Clive W.J.,Granger,economics,2,"""for methods of analyzing economic time series with common trends (cointegration)""",2003,772,economics,2,"""for methods of analyzing economic time series with common trends (cointegration)"""
2003,771,Robert F.,Engle III,economics,2,"""for methods of analyzing economic time series with time-varying volatility (ARCH)""",2003,771,economics,2,"""for methods of analyzing economic time series with time-varying volatility (ARCH)"""
2003,770,Roderick,MacKinnon,chemistry,2,"""for structural and mechanistic studies of ion channels""",2003,770,chemistry,2,"""for structural and mechanistic studies of ion channels"""
2003,769,Peter,Agre,chemistry,2,"""for the discovery of water channels""",2003,769,chemistry,2,"""for the discovery of water channels"""
2003,768,Anthony J.,Leggett,physics,3,"""for pioneering contributions to the theory of superconductors and superfluids""",2003,768,physics,3,"""for pioneering contributions to the theory of superconductors and superfluids"""
2003,767,Vitaly L.,Ginzburg,physics,3,"""for pioneering contributions to the theory of superconductors and superfluids""",2003,767,physics,3,"""for pioneering contributions to the theory of superconductors and superfluids"""
2003,765,Sir Peter,Mansfield,medicine,2,"""for their discoveries concerning magnetic resonance imaging""",2003,765,medicine,2,"""for their discoveries concerning magnetic resonance imaging"""
2003,764,Paul C.,Lauterbur,medicine,2,"""for their discoveries concerning magnetic resonance imaging""",2003,764,medicine,2,"""for their discoveries concerning magnetic resonance imaging"""
2003,763,J. M.,Coetzee,literature,1,"""who in innumerable guises portrays the surprising involvement of the outsider""",2003,763,literature,1,"""who in innumerable guises portrays the surprising involvement of the outsider"""
2003,766,Alexei,Abrikosov,physics,3,"""for pioneering contributions to the theory of superconductors and superfluids""",2003,766,physics,3,"""for pioneering contributions to the theory of superconductors and superfluids"""
2004,787,Edward C.,Prescott,economics,2,"""for their contributions to dynamic macroeconomics: the time consistency of economic policy and the driving forces behind business cycles""",2004,787,economics,2,"""for their contributions to dynamic macroeconomics: the time consistency of economic policy and the driving forces behind business cycles"""
2004,781,Irwin,Rose,chemistry,3,"""for the discovery of ubiquitin-mediated protein degradation""",2004,781,chemistry,3,"""for the discovery of ubiquitin-mediated protein degradation"""
2004,786,Finn E.,Kydland,economics,2,"""for their contributions to dynamic macroeconomics: the time consistency of economic policy and the driving forces behind business cycles""",2004,786,economics,2,"""for their contributions to dynamic macroeconomics: the time consistency of economic policy and the driving forces behind business cycles"""
2004,783,Wangari,Maathai,peace,1,"""for her contribution to sustainable development democracy and peace""",2004,783,peace,1,"""for her contribution to sustainable development democracy and peace"""
2004,782,Elfriede,Jelinek,literature,1,"""for her musical flow of voices and counter-voices in novels and plays that with extraordinary linguistic zeal reveal the absurdity of society's clich&eacute;s and their subjugating power""",2004,782,literature,1,"""for her musical flow of voices and counter-voices in novels and plays that with extraordinary linguistic zeal reveal the absurdity of society's clich&eacute;s and their subjugating power"""
2004,780,Avram,Hershko,chemistry,3,"""for the discovery of ubiquitin-mediated protein degradation""",2004,780,chemistry,3,"""for the discovery of ubiquitin-mediated protein degradation"""
2004,776,David J.,Gross,physics,3,"""for the discovery of asymptotic freedom in the theory of the strong interaction""",2004,776,physics,3,"""for the discovery of asymptotic freedom in the theory of the strong interaction"""
2004,778,Frank,Wilczek,physics,3,"""for the discovery of asymptotic freedom in the theory of the strong interaction""",2004,778,physics,3,"""for the discovery of asymptotic freedom in the theory of the strong interaction"""
2004,777,H. David,Politzer,physics,3,"""for the discovery of asymptotic freedom in the theory of the strong interaction""",2004,777,physics,3,"""for the discovery of asymptotic freedom in the theory of the strong interaction"""
2004,775,Linda B.,Buck,medicine,2,"""for their discoveries of odorant receptors and the organization of the olfactory system""",2004,775,medicine,2,"""for their discoveries of odorant receptors and the organization of the olfactory system"""
2004,774,Richard,Axel,medicine,2,"""for their discoveries of odorant receptors and the organization of the olfactory system""",2004,774,medicine,2,"""for their discoveries of odorant receptors and the organization of the olfactory system"""
2004,779,Aaron,Ciechanover,chemistry,3,"""for the discovery of ubiquitin-mediated protein degradation""",2004,779,chemistry,3,"""for the discovery of ubiquitin-mediated protein degradation"""
2005,801,Harold,Pinter,literature,1,"""who in his plays uncovers the precipice under everyday prattle and forces entry into oppression's closed rooms""",2005,801,literature,1,"""who in his plays uncovers the precipice under everyday prattle and forces entry into oppression's closed rooms"""
2005,800,Thomas C.,Schelling,economics,2,"""for having enhanced our understanding of conflict and cooperation through game-theory analysis""",2005,800,economics,2,"""for having enhanced our understanding of conflict and cooperation through game-theory analysis"""
2005,798,Mohamed,ElBaradei,peace,2,"""for their efforts to prevent nuclear energy from being used for military purposes and to ensure that nuclear energy for peaceful purposes is used in the safest possible way""",2005,798,peace,2,"""for their efforts to prevent nuclear energy from being used for military purposes and to ensure that nuclear energy for peaceful purposes is used in the safest possible way"""
2005,797,International Atomic Energy Agency,,peace,2,"""for their efforts to prevent nuclear energy from being used for military purposes and to ensure that nuclear energy for peaceful purposes is used in the safest possible way""",2005,797,peace,2,"""for their efforts to prevent nuclear energy from being used for military purposes and to ensure that nuclear energy for peaceful purposes is used in the safest possible way"""
2005,796,Richard R.,Schrock,chemistry,3,"""for the development of the metathesis method in organic synthesis""",2005,796,chemistry,3,"""for the development of the metathesis method in organic synthesis"""
2005,795,Robert H.,Grubbs,chemistry,3,"""for the development of the metathesis method in organic synthesis""",2005,795,chemistry,3,"""for the development of the metathesis method in organic synthesis"""
2005,799,Robert J.,Aumann,economics,2,"""for having enhanced our understanding of conflict and cooperation through game-theory analysis""",2005,799,economics,2,"""for having enhanced our understanding of conflict and cooperation through game-theory analysis"""
2005,793,Theodor W.,Hänsch,physics,4,"""for their contributions to the development of laser-based precision spectroscopy including the optical frequency comb technique""",2005,793,physics,4,"""for their contributions to the development of laser-based precision spectroscopy including the optical frequency comb technique"""
2005,792,John L.,Hall,physics,4,"""for their contributions to the development of laser-based precision spectroscopy including the optical frequency comb technique""",2005,792,physics,4,"""for their contributions to the development of laser-based precision spectroscopy including the optical frequency comb technique"""
2005,791,Roy J.,Glauber,physics,2,"""for his contribution to the quantum theory of optical coherence""",2005,791,physics,2,"""for his contribution to the quantum theory of optical coherence"""
2005,790,J. Robin,Warren,medicine,2,"""for their discovery of the bacterium <i>Helicobacter pylori</i> and its role in gastritis and peptic ulcer disease""",2005,790,medicine,2,"""for their discovery of the bacterium <i>Helicobacter pylori</i> and its role in gastritis and peptic ulcer disease"""
2005,789,Barry J.,Marshall,medicine,2,"""for their discovery of the bacterium <i>Helicobacter pylori</i> and its role in gastritis and peptic ulcer disease""",2005,789,medicine,2,"""for their discovery of the bacterium <i>Helicobacter pylori</i> and its role in gastritis and peptic ulcer disease"""
2005,794,Yves,Chauvin,chemistry,3,"""for the development of the metathesis method in organic synthesis""",2005,794,chemistry,3,"""for the development of the metathesis method in organic synthesis"""
2006,810,Grameen Bank,,peace,2,"""for their efforts to create economic and social development from below""",2006,810,peace,2,"""for their efforts to create economic and social development from below"""
2006,809,Muhammad,Yunus,peace,2,"""for their efforts to create economic and social development from below""",2006,809,peace,2,"""for their efforts to create economic and social development from below"""
2006,808,Orhan,Pamuk,literature,1,"""who in the quest for the melancholic soul of his native city has discovered new symbols for the clash and interlacing of cultures""",2006,808,literature,1,"""who in the quest for the melancholic soul of his native city has discovered new symbols for the clash and interlacing of cultures"""
2006,807,Edmund S.,Phelps,economics,1,"""for his analysis of intertemporal tradeoffs in macroeconomic policy""",2006,807,economics,1,"""for his analysis of intertemporal tradeoffs in macroeconomic policy"""
2006,806,Roger D.,Kornberg,chemistry,1,"""for his studies of the molecular basis of eukaryotic transcription""",2006,806,chemistry,1,"""for his studies of the molecular basis of eukaryotic transcription"""
2006,805,George F.,Smoot,physics,2,"""for their discovery of the blackbody form and anisotropy of the cosmic microwave background radiation""",2006,805,physics,2,"""for their discovery of the blackbody form and anisotropy of the cosmic microwave background radiation"""
2006,803,Craig C.,Mello,medicine,2,"""for their discovery of RNA interference - gene silencing by double-stranded RNA""",2006,803,medicine,2,"""for their discovery of RNA interference - gene silencing by double-stranded RNA"""
2006,802,Andrew Z.,Fire,medicine,2,"""for their discovery of RNA interference - gene silencing by double-stranded RNA""",2006,802,medicine,2,"""for their discovery of RNA interference - gene silencing by double-stranded RNA"""
2006,804,John C.,Mather,physics,2,"""for their discovery of the blackbody form and anisotropy of the cosmic microwave background radiation""",2006,804,physics,2,"""for their discovery of the blackbody form and anisotropy of the cosmic microwave background radiation"""
2007,822,Roger B.,Myerson,economics,3,"""for having laid the foundations of mechanism design theory""",2007,822,economics,3,"""for having laid the foundations of mechanism design theory"""
2007,821,Eric S.,Maskin,economics,3,"""for having laid the foundations of mechanism design theory""",2007,821,economics,3,"""for having laid the foundations of mechanism design theory"""
2007,820,Leonid,Hurwicz,economics,3,"""for having laid the foundations of mechanism design theory""",2007,820,economics,3,"""for having laid the foundations of mechanism design theory"""
2007,819,Al,Gore,peace,2,"""for their efforts to build up and disseminate greater knowledge about man-made climate change and to lay the foundations for the measures that are needed to counteract such change""",2007,819,peace,2,"""for their efforts to build up and disseminate greater knowledge about man-made climate change and to lay the foundations for the measures that are needed to counteract such change"""
2007,818,Intergovernmental Panel on Climate Change,,peace,2,"""for their efforts to build up and disseminate greater knowledge about man-made climate change and to lay the foundations for the measures that are needed to counteract such change""",2007,818,peace,2,"""for their efforts to build up and disseminate greater knowledge about man-made climate change and to lay the foundations for the measures that are needed to counteract such change"""
2007,816,Gerhard,Ertl,chemistry,1,"""for his studies of chemical processes on solid surfaces""",2007,816,chemistry,1,"""for his studies of chemical processes on solid surfaces"""
2007,817,Doris,Lessing,literature,1,"""that epicist of the female experience who with scepticism fire and visionary power has subjected a divided civilisation to scrutiny""",2007,817,literature,1,"""that epicist of the female experience who with scepticism fire and visionary power has subjected a divided civilisation to scrutiny"""
2007,814,Albert,Fert,physics,2,"""for the discovery of Giant Magnetoresistance""",2007,814,physics,2,"""for the discovery of Giant Magnetoresistance"""
2007,813,Oliver,Smithies,medicine,3,"""for their discoveries of principles for introducing specific gene modifications in mice by the use of embryonic stem cells""",2007,813,medicine,3,"""for their discoveries of principles for introducing specific gene modifications in mice by the use of embryonic stem cells"""
2007,812,Sir Martin J.,Evans,medicine,3,"""for their discoveries of principles for introducing specific gene modifications in mice by the use of embryonic stem cells""",2007,812,medicine,3,"""for their discoveries of principles for introducing specific gene modifications in mice by the use of embryonic stem cells"""
2007,811,Mario R.,Capecchi,medicine,3,"""for their discoveries of principles for introducing specific gene modifications in mice by the use of embryonic stem cells""",2007,811,medicine,3,"""for their discoveries of principles for introducing specific gene modifications in mice by the use of embryonic stem cells"""
2007,815,Peter,Grünberg,physics,2,"""for the discovery of Giant Magnetoresistance""",2007,815,physics,2,"""for the discovery of Giant Magnetoresistance"""
2008,833,Martti,Ahtisaari,peace,1,"""for his important efforts on several continents and over more than three decades to resolve international conflicts""",2008,833,peace,1,"""for his important efforts on several continents and over more than three decades to resolve international conflicts"""
2008,832,Jean-Marie Gustave,Le Clézio,literature,1,"""author of new departures poetic adventure and sensual ecstasy explorer of a humanity beyond and below the reigning civilization""",2008,832,literature,1,"""author of new departures poetic adventure and sensual ecstasy explorer of a humanity beyond and below the reigning civilization"""
2008,831,Roger Y.,Tsien,chemistry,3,"""for the discovery and development of the green fluorescent protein GFP""",2008,831,chemistry,3,"""for the discovery and development of the green fluorescent protein GFP"""
2008,830,Martin,Chalfie,chemistry,3,"""for the discovery and development of the green fluorescent protein GFP""",2008,830,chemistry,3,"""for the discovery and development of the green fluorescent protein GFP"""
2008,829,Osamu,Shimomura,chemistry,3,"""for the discovery and development of the green fluorescent protein GFP""",2008,829,chemistry,3,"""for the discovery and development of the green fluorescent protein GFP"""
2008,828,Toshihide,Maskawa,physics,4,"""for the discovery of the origin of the broken symmetry which predicts the existence of at least three families of quarks in nature""",2008,828,physics,4,"""for the discovery of the origin of the broken symmetry which predicts the existence of at least three families of quarks in nature"""
2008,834,Paul,Krugman,economics,1,"""for his analysis of trade patterns and location of economic activity""",2008,834,economics,1,"""for his analysis of trade patterns and location of economic activity"""
2008,826,Yoichiro,Nambu,physics,2,"""for the discovery of the mechanism of spontaneous broken symmetry in subatomic physics""",2008,826,physics,2,"""for the discovery of the mechanism of spontaneous broken symmetry in subatomic physics"""
2008,825,Luc,Montagnier,medicine,4,"""for their discovery of human immunodeficiency virus""",2008,825,medicine,4,"""for their discovery of human immunodeficiency virus"""
2008,824,Françoise,Barré-Sinoussi,medicine,4,"""for their discovery of human immunodeficiency virus""",2008,824,medicine,4,"""for their discovery of human immunodeficiency virus"""
2008,823,Harald,zur Hausen,medicine,2,"""for his discovery of human papilloma viruses causing cervical cancer""",2008,823,medicine,2,"""for his discovery of human papilloma viruses causing cervical cancer"""
2008,827,Makoto,Kobayashi,physics,4,"""for the discovery of the origin of the broken symmetry which predicts the existence of at least three families of quarks in nature""",2008,827,physics,4,"""for the discovery of the origin of the broken symmetry which predicts the existence of at least three families of quarks in nature"""
2009,847,Oliver E.,Williamson,economics,2,"""for his analysis of economic governance especially the boundaries of the firm""",2009,847,economics,2,"""for his analysis of economic governance especially the boundaries of the firm"""
2009,846,Elinor,Ostrom,economics,2,"""for her analysis of economic governance especially the commons""",2009,846,economics,2,"""for her analysis of economic governance especially the commons"""
2009,845,Barack,Obama,peace,1,"""for his extraordinary efforts to strengthen international diplomacy and cooperation between peoples""",2009,845,peace,1,"""for his extraordinary efforts to strengthen international diplomacy and cooperation between peoples"""
2009,844,Herta,Müller,literature,1,"""who with the concentration of poetry and the frankness of prose depicts the landscape of the dispossessed""",2009,844,literature,1,"""who with the concentration of poetry and the frankness of prose depicts the landscape of the dispossessed"""
2009,843,Ada E.,Yonath,chemistry,3,"""for studies of the structure and function of the ribosome""",2009,843,chemistry,3,"""for studies of the structure and function of the ribosome"""
2009,842,Thomas A.,Steitz,chemistry,3,"""for studies of the structure and function of the ribosome""",2009,842,chemistry,3,"""for studies of the structure and function of the ribosome"""
2009,841,Venkatraman,Ramakrishnan,chemistry,3,"""for studies of the structure and function of the ribosome""",2009,841,chemistry,3,"""for studies of the structure and function of the ribosome"""
2009,840,George E.,Smith,physics,4,"""for the invention of an imaging semiconductor circuit - the CCD sensor""",2009,840,physics,4,"""for the invention of an imaging semiconductor circuit - the CCD sensor"""
2009,838,Charles K.,Kao,physics,2,"""for groundbreaking achievements concerning the transmission of light in fibers for optical communication""",2009,838,physics,2,"""for groundbreaking achievements concerning the transmission of light in fibers for optical communication"""
2009,837,Jack W.,Szostak,medicine,3,"""for the discovery of how chromosomes are protected by telomeres and the enzyme telomerase""",2009,837,medicine,3,"""for the discovery of how chromosomes are protected by telomeres and the enzyme telomerase"""
2009,836,Carol W.,Greider,medicine,3,"""for the discovery of how chromosomes are protected by telomeres and the enzyme telomerase""",2009,836,medicine,3,"""for the discovery of how chromosomes are protected by telomeres and the enzyme telomerase"""
2009,835,Elizabeth H.,Blackburn,medicine,3,"""for the discovery of how chromosomes are protected by telomeres and the enzyme telomerase""",2009,835,medicine,3,"""for the discovery of how chromosomes are protected by telomeres and the enzyme telomerase"""
2009,839,Willard S.,Boyle,physics,4,"""for the invention of an imaging semiconductor circuit - the CCD sensor""",2009,839,physics,4,"""for the invention of an imaging semiconductor circuit - the CCD sensor"""
2010,857,Dale T.,Mortensen,economics,3,"""for their analysis of markets with search frictions""",2010,857,economics,3,"""for their analysis of markets with search frictions"""
2010,854,Mario,Vargas Llosa,literature,1,"""for his cartography of structures of power and his trenchant images of the individual's resistance revolt and defeat""",2010,854,literature,1,"""for his cartography of structures of power and his trenchant images of the individual's resistance revolt and defeat"""
2010,858,Christopher A.,Pissarides,economics,3,"""for their analysis of markets with search frictions""",2010,858,economics,3,"""for their analysis of markets with search frictions"""
2010,855,Xiaobo,Liu,peace,1,"""for his long and non-violent struggle for fundamental human rights in China""",2010,855,peace,1,"""for his long and non-violent struggle for fundamental human rights in China"""
2010,853,Akira,Suzuki,chemistry,3,"""for palladium-catalyzed cross couplings in organic synthesis""",2010,853,chemistry,3,"""for palladium-catalyzed cross couplings in organic synthesis"""
2010,856,Peter A.,Diamond,economics,3,"""for their analysis of markets with search frictions""",2010,856,economics,3,"""for their analysis of markets with search frictions"""
2010,851,Richard F.,Heck,chemistry,3,"""for palladium-catalyzed cross couplings in organic synthesis""",2010,851,chemistry,3,"""for palladium-catalyzed cross couplings in organic synthesis"""
2010,850,Konstantin,Novoselov,physics,2,"""for groundbreaking experiments regarding the two-dimensional material graphene""",2010,850,physics,2,"""for groundbreaking experiments regarding the two-dimensional material graphene"""
2010,849,Andre,Geim,physics,2,"""for groundbreaking experiments regarding the two-dimensional material graphene""",2010,849,physics,2,"""for groundbreaking experiments regarding the two-dimensional material graphene"""
2010,848,Robert G.,Edwards,medicine,1,"""for the development of in vitro fertilization""",2010,848,medicine,1,"""for the development of in vitro fertilization"""
2010,852,Ei-ichi,Negishi,chemistry,3,"""for palladium-catalyzed cross couplings in organic synthesis""",2010,852,chemistry,3,"""for palladium-catalyzed cross couplings in organic synthesis"""
2011,873,Christopher A.,Sims,economics,2,"""for their empirical research on cause and effect in the macroeconomy""",2011,873,economics,2,"""for their empirical research on cause and effect in the macroeconomy"""
2011,871,Tawakkol,Karman,peace,3,"""for their non-violent struggle for the safety of women and for women's rights to full participation in peace-building work""",2011,871,peace,3,"""for their non-violent struggle for the safety of women and for women's rights to full participation in peace-building work"""
2011,870,Leymah,Gbowee,peace,3,"""for their non-violent struggle for the safety of women and for women's rights to full participation in peace-building work""",2011,870,peace,3,"""for their non-violent struggle for the safety of women and for women's rights to full participation in peace-building work"""
2011,869,Ellen,Johnson Sirleaf,peace,3,"""for their non-violent struggle for the safety of women and for women's rights to full participation in peace-building work""",2011,869,peace,3,"""for their non-violent struggle for the safety of women and for women's rights to full participation in peace-building work"""
2011,868,Tomas,Tranströmer,literature,1,"""because through his condensed translucent images he gives us fresh access to reality""",2011,868,literature,1,"""because through his condensed translucent images he gives us fresh access to reality"""
2011,867,Dan,Shechtman,chemistry,1,"""for the discovery of quasicrystals""",2011,867,chemistry,1,"""for the discovery of quasicrystals"""
2011,872,Thomas J.,Sargent,economics,2,"""for their empirical research on cause and effect in the macroeconomy""",2011,872,economics,2,"""for their empirical research on cause and effect in the macroeconomy"""
2011,865,Brian P.,Schmidt,physics,4,"""for the discovery of the accelerating expansion of the Universe through observations of distant supernovae""",2011,865,physics,4,"""for the discovery of the accelerating expansion of the Universe through observations of distant supernovae"""
2011,864,Saul,Perlmutter,physics,2,"""for the discovery of the accelerating expansion of the Universe through observations of distant supernovae""",2011,864,physics,2,"""for the discovery of the accelerating expansion of the Universe through observations of distant supernovae"""
2011,863,Ralph M.,Steinman,medicine,2,"""for his discovery of the dendritic cell and its role in adaptive immunity""",2011,863,medicine,2,"""for his discovery of the dendritic cell and its role in adaptive immunity"""
2011,862,Jules A.,Hoffmann,medicine,4,"""for their discoveries concerning the activation of innate immunity""",2011,862,medicine,4,"""for their discoveries concerning the activation of innate immunity"""
2011,861,Bruce A.,Beutler,medicine,4,"""for their discoveries concerning the activation of innate immunity""",2011,861,medicine,4,"""for their discoveries concerning the activation of innate immunity"""
2011,866,Adam G.,Riess,physics,4,"""for the discovery of the accelerating expansion of the Universe through observations of distant supernovae""",2011,866,physics,4,"""for the discovery of the accelerating expansion of the Universe through observations of distant supernovae"""
2012,883,Lloyd S.,Shapley,economics,2,"""for the theory of stable allocations and the practice of market design""",2012,883,economics,2,"""for the theory of stable allocations and the practice of market design"""
2012,882,Alvin E.,Roth,economics,2,"""for the theory of stable allocations and the practice of market design""",2012,882,economics,2,"""for the theory of stable allocations and the practice of market design"""
2012,881,European Union,,peace,1,"""for over six decades contributed to the advancement of peace and reconciliation democracy and human rights in Europe""",2012,881,peace,1,"""for over six decades contributed to the advancement of peace and reconciliation democracy and human rights in Europe"""
2012,880,Mo,Yan,literature,1,"""who with hallucinatory realism merges folk tales history and the contemporary""",2012,880,literature,1,"""who with hallucinatory realism merges folk tales history and the contemporary"""
2012,879,Brian,Kobilka,chemistry,2,"""for studies of G-protein-coupled receptors""",2012,879,chemistry,2,"""for studies of G-protein-coupled receptors"""
2012,878,Robert J.,Lefkowitz,chemistry,2,"""for studies of G-protein-coupled receptors""",2012,878,chemistry,2,"""for studies of G-protein-coupled receptors"""
2012,876,Serge,Haroche,physics,2,"""for ground-breaking experimental methods that enable measuring and manipulation of individual quantum systems""",2012,876,physics,2,"""for ground-breaking experimental methods that enable measuring and manipulation of individual quantum systems"""
2012,875,Shinya,Yamanaka,medicine,2,"""for the discovery that mature cells can be reprogrammed to become pluripotent""",2012,875,medicine,2,"""for the discovery that mature cells can be reprogrammed to become pluripotent"""
2012,874,Sir John B.,Gurdon,medicine,2,"""for the discovery that mature cells can be reprogrammed to become pluripotent""",2012,874,medicine,2,"""for the discovery that mature cells can be reprogrammed to become pluripotent"""
2012,877,David J.,Wineland,physics,2,"""for ground-breaking experimental methods that enable measuring and manipulation of individual quantum systems""",2012,877,physics,2,"""for ground-breaking experimental methods that enable measuring and manipulation of individual quantum systems"""
2013,896,Robert J.,Shiller,economics,3,"""for their empirical analysis of asset prices""",2013,896,economics,3,"""for their empirical analysis of asset prices"""
2013,891,Arieh,Warshel,chemistry,3,"""for the development of multiscale models for complex chemical systems""",2013,891,chemistry,3,"""for the development of multiscale models for complex chemical systems"""
2013,895,Lars Peter,Hansen,economics,3,"""for their empirical analysis of asset prices""",2013,895,economics,3,"""for their empirical analysis of asset prices"""
2013,894,Eugene F.,Fama,economics,3,"""for their empirical analysis of asset prices""",2013,894,economics,3,"""for their empirical analysis of asset prices"""
2013,893,Organisation for the Prohibition of Chemical Weapons,,peace,1,"""for its extensive efforts to eliminate chemical weapons""",2013,893,peace,1,"""for its extensive efforts to eliminate chemical weapons"""
2013,892,Alice,Munro,literature,1,"""master of the contemporary short story""",2013,892,literature,1,"""master of the contemporary short story"""
2013,890,Michael,Levitt,chemistry,3,"""for the development of multiscale models for complex chemical systems""",2013,890,chemistry,3,"""for the development of multiscale models for complex chemical systems"""
2013,889,Martin,Karplus,chemistry,3,"""for the development of multiscale models for complex chemical systems""",2013,889,chemistry,3,"""for the development of multiscale models for complex chemical systems"""
2013,888,Peter,Higgs,physics,2,"""for the theoretical discovery of a mechanism that contributes to our understanding of the origin of mass of subatomic particles and which recently was confirmed through the discovery of the predicted fundamental particle by the ATLAS and CMS experiments at CERN's Large Hadron Collider""",2013,888,physics,2,"""for the theoretical discovery of a mechanism that contributes to our understanding of the origin of mass of subatomic particles and which recently was confirmed through the discovery of the predicted fundamental particle by the ATLAS and CMS experiments at CERN's Large Hadron Collider"""
2013,887,François,Englert,physics,2,"""for the theoretical discovery of a mechanism that contributes to our understanding of the origin of mass of subatomic particles and which recently was confirmed through the discovery of the predicted fundamental particle by the ATLAS and CMS experiments at CERN's Large Hadron Collider""",2013,887,physics,2,"""for the theoretical discovery of a mechanism that contributes to our understanding of the origin of mass of subatomic particles and which recently was confirmed through the discovery of the predicted fundamental particle by the ATLAS and CMS experiments at CERN's Large Hadron Collider"""
2013,886,Thomas C.,Südhof,medicine,3,"""for their discoveries of machinery regulating vesicle traffic a major transport system in our cells""",2013,886,medicine,3,"""for their discoveries of machinery regulating vesicle traffic a major transport system in our cells"""
2013,885,Randy W.,Schekman,medicine,3,"""for their discoveries of machinery regulating vesicle traffic a major transport system in our cells""",2013,885,medicine,3,"""for their discoveries of machinery regulating vesicle traffic a major transport system in our cells"""
2013,884,James E.,Rothman,medicine,3,"""for their discoveries of machinery regulating vesicle traffic a major transport system in our cells""",2013,884,medicine,3,"""for their discoveries of machinery regulating vesicle traffic a major transport system in our cells"""
2014,915,Jean,Tirole,economics,1,"""for his analysis of market power and regulation""",2014,915,economics,1,"""for his analysis of market power and regulation"""
2014,914,Malala,Yousafzai,peace,2,"""for their struggle against the suppression of children and young people and for the right of all children to education""",2014,914,peace,2,"""for their struggle against the suppression of children and young people and for the right of all children to education"""
2014,912,Patrick,Modiano,literature,1,"""for the art of memory with which he has evoked the most ungraspable human destinies and
uncovered the life-world of the occupation""",2014,912,literature,1,"""for the art of memory with which he has evoked the most ungraspable human destinies and
uncovered the life-world of the occupation"""
2014,911,William E.,Moerner,chemistry,3,"""for the development of super-resolved fluorescence microscopy""",2014,911,chemistry,3,"""for the development of super-resolved fluorescence microscopy"""
2014,910,Stefan W.,Hell,chemistry,3,"""for the development of super-resolved fluorescence microscopy""",2014,910,chemistry,3,"""for the development of super-resolved fluorescence microscopy"""
2014,909,Eric,Betzig,chemistry,3,"""for the development of super-resolved fluorescence microscopy""",2014,909,chemistry,3,"""for the development of super-resolved fluorescence microscopy"""
2014,913,Kailash,Satyarthi,peace,2,"""for their struggle against the suppression of children and young people and for the right of all children to education""",2014,913,peace,2,"""for their struggle against the suppression of children and young people and for the right of all children to education"""
2014,907,Hiroshi,Amano,physics,3,"""for the invention of efficient blue light-emitting diodes which has enabled bright and energy-saving white light sources""",2014,907,physics,3,"""for the invention of efficient blue light-emitting diodes which has enabled bright and energy-saving white light sources"""
2014,906,Isamu,Akasaki,physics,3,"""for the invention of efficient blue light-emitting diodes which has enabled bright and energy-saving white light sources""",2014,906,physics,3,"""for the invention of efficient blue light-emitting diodes which has enabled bright and energy-saving white light sources"""
2014,905,Edvard I.,Moser,medicine,4,"""for their discoveries of cells that constitute a positioning system in the brain""",2014,905,medicine,4,"""for their discoveries of cells that constitute a positioning system in the brain"""
2014,904,May-Britt,Moser,medicine,4,"""for their discoveries of cells that constitute a positioning system in the brain""",2014,904,medicine,4,"""for their discoveries of cells that constitute a positioning system in the brain"""
2014,903,John,O'Keefe,medicine,2,"""for their discoveries of cells that constitute a positioning system in the brain""",2014,903,medicine,2,"""for their discoveries of cells that constitute a positioning system in the brain"""
2014,908,Shuji,Nakamura,physics,3,"""for the invention of efficient blue light-emitting diodes which has enabled bright and energy-saving white light sources""",2014,908,physics,3,"""for the invention of efficient blue light-emitting diodes which has enabled bright and energy-saving white light sources"""
2015,926,Angus,Deaton,economics,1,"""for his analysis of consumption poverty and welfare""",2015,926,economics,1,"""for his analysis of consumption poverty and welfare"""
2015,925,National Dialogue Quartet,,peace,1,"""for its decisive contribution to the building of a pluralistic democracy in Tunisia in the wake of the Jasmine Revolution of 2011""",2015,925,peace,1,"""for its decisive contribution to the building of a pluralistic democracy in Tunisia in the wake of the Jasmine Revolution of 2011"""
2015,924,Svetlana,Alexievich,literature,1,"""for her polyphonic writings a monument to suffering and courage in our time""",2015,924,literature,1,"""for her polyphonic writings a monument to suffering and courage in our time"""
2015,923,Aziz,Sancar,chemistry,3,"""for mechanistic studies of DNA repair""",2015,923,chemistry,3,"""for mechanistic studies of DNA repair"""
2015,922,Paul,Modrich,chemistry,3,"""for mechanistic studies of DNA repair""",2015,922,chemistry,3,"""for mechanistic studies of DNA repair"""
2015,921,Tomas,Lindahl,chemistry,3,"""for mechanistic studies of DNA repair""",2015,921,chemistry,3,"""for mechanistic studies of DNA repair"""
2015,919,Takaaki,Kajita,physics,2,"""for the discovery of neutrino oscillations which shows that neutrinos have mass""",2015,919,physics,2,"""for the discovery of neutrino oscillations which shows that neutrinos have mass"""
2015,918,Youyou,Tu,medicine,2,"""for her discoveries concerning a novel therapy against Malaria""",2015,918,medicine,2,"""for her discoveries concerning a novel therapy against Malaria"""
2015,917,Satoshi,Ōmura,medicine,4,"""for their discoveries concerning a novel therapy against infections caused by roundworm parasites""",2015,917,medicine,4,"""for their discoveries concerning a novel therapy against infections caused by roundworm parasites"""
2015,916,William C.,Campbell,medicine,4,"""for their discoveries concerning a novel therapy against infections caused by roundworm parasites""",2015,916,medicine,4,"""for their discoveries concerning a novel therapy against infections caused by roundworm parasites"""
2015,920,Arthur B.,McDonald,physics,2,"""for the discovery of neutrino oscillations which shows that neutrinos have mass""",2015,920,physics,2,"""for the discovery of neutrino oscillations which shows that neutrinos have mass"""
2016,936,Bengt,Holmström,economics,2,"""for their contributions to contract theory""",2016,936,economics,2,"""for their contributions to contract theory"""
2016,933,Bernard L.,Feringa,chemistry,3,"""for the design and synthesis of molecular machines""",2016,933,chemistry,3,"""for the design and synthesis of molecular machines"""
2016,935,Oliver,Hart,economics,2,"""for their contributions to contract theory""",2016,935,economics,2,"""for their contributions to contract theory"""
2016,934,Juan Manuel,Santos,peace,1,"""for his resolute efforts to bring the country's more than 50-year-long civil war to an end""",2016,934,peace,1,"""for his resolute efforts to bring the country's more than 50-year-long civil war to an end"""
2016,932,Sir J. Fraser,Stoddart,chemistry,3,"""for the design and synthesis of molecular machines""",2016,932,chemistry,3,"""for the design and synthesis of molecular machines"""
2016,937,Bob,Dylan,literature,1,"""for having created new poetic expressions within the great American song tradition""",2016,937,literature,1,"""for having created new poetic expressions within the great American song tradition"""
2016,930,J. Michael,Kosterlitz,physics,4,"""for theoretical discoveries of topological phase transitions and topological phases of matter""",2016,930,physics,4,"""for theoretical discoveries of topological phase transitions and topological phases of matter"""
2016,929,F. Duncan M.,Haldane,physics,4,"""for theoretical discoveries of topological phase transitions and topological phases of matter""",2016,929,physics,4,"""for theoretical discoveries of topological phase transitions and topological phases of matter"""
2016,928,David J.,Thouless,physics,2,"""for theoretical discoveries of topological phase transitions and topological phases of matter""",2016,928,physics,2,"""for theoretical discoveries of topological phase transitions and topological phases of matter"""
2016,927,Yoshinori,Ohsumi,medicine,1,"""for his discoveries of mechanisms for autophagy""",2016,927,medicine,1,"""for his discoveries of mechanisms for autophagy"""
2016,931,Jean-Pierre,Sauvage,chemistry,3,"""for the design and synthesis of molecular machines""",2016,931,chemistry,3,"""for the design and synthesis of molecular machines"""
2017,948,International Campaign to Abolish Nuclear Weapons,,peace,1,"""for its work to draw attention to the catastrophic humanitarian consequences of any use of nuclear weapons and for its ground-breaking efforts to achieve a treaty-based prohibition of such weapons""",2017,948,peace,1,"""for its work to draw attention to the catastrophic humanitarian consequences of any use of nuclear weapons and for its ground-breaking efforts to achieve a treaty-based prohibition of such weapons"""
2017,947,Kazuo,Ishiguro,literature,1,"""who in novels of great emotional force has uncovered the abyss beneath our illusory sense of connection with the world""",2017,947,literature,1,"""who in novels of great emotional force has uncovered the abyss beneath our illusory sense of connection with the world"""
2017,946,Richard,Henderson,chemistry,3,"""for developing cryo-electron microscopy for the high-resolution structure determination of biomolecules in solution""",2017,946,chemistry,3,"""for developing cryo-electron microscopy for the high-resolution structure determination of biomolecules in solution"""
2017,945,Joachim,Frank,chemistry,3,"""for developing cryo-electron microscopy for the high-resolution structure determination of biomolecules in solution""",2017,945,chemistry,3,"""for developing cryo-electron microscopy for the high-resolution structure determination of biomolecules in solution"""
2017,944,Jacques,Dubochet,chemistry,3,"""for developing cryo-electron microscopy for the high-resolution structure determination of biomolecules in solution""",2017,944,chemistry,3,"""for developing cryo-electron microscopy for the high-resolution structure determination of biomolecules in solution"""
2017,943,Kip S.,Thorne,physics,4,"""for decisive contributions to the LIGO detector and the observation of gravitational waves""",2017,943,physics,4,"""for decisive contributions to the LIGO detector and the observation of gravitational waves"""
2017,949,Richard H.,Thaler,economics,1,"""for his contributions to behavioural economics""",2017,949,economics,1,"""for his contributions to behavioural economics"""
2017,941,Rainer,Weiss,physics,2,"""for decisive contributions to the LIGO detector and the observation of gravitational waves""",2017,941,physics,2,"""for decisive contributions to the LIGO detector and the observation of gravitational waves"""
2017,940,Michael W.,Young,medicine,3,"""for their discoveries of molecular mechanisms controlling the circadian rhythm""",2017,940,medicine,3,"""for their discoveries of molecular mechanisms controlling the circadian rhythm"""
2017,939,Michael,Rosbash,medicine,3,"""for their discoveries of molecular mechanisms controlling the circadian rhythm""",2017,939,medicine,3,"""for their discoveries of molecular mechanisms controlling the circadian rhythm"""
2017,938,Jeffrey C.,Hall,medicine,3,"""for their discoveries of molecular mechanisms controlling the circadian rhythm""",2017,938,medicine,3,"""for their discoveries of molecular mechanisms controlling the circadian rhythm"""
2017,942,Barry C.,Barish,physics,4,"""for decisive contributions to the LIGO detector and the observation of gravitational waves""",2017,942,physics,4,"""for decisive contributions to the LIGO detector and the observation of gravitational waves"""
2018,979,Olga,Tokarczuk,literature,1,"""for a narrative imagination that with encyclopedic passion represents the crossing of boundaries as a form of life""",2018,979,literature,1,"""for a narrative imagination that with encyclopedic passion represents the crossing of boundaries as a form of life"""
2018,969,Paul M.,Romer,economics,2,"""for integrating technological innovations into long-run macroeconomic analysis""",2018,969,economics,2,"""for integrating technological innovations into long-run macroeconomic analysis"""
2018,968,William D.,Nordhaus,economics,2,"""for integrating climate change into long-run macroeconomic analysis""",2018,968,economics,2,"""for integrating climate change into long-run macroeconomic analysis"""
2018,967,Nadia,Murad,peace,2,"""for their efforts to end the use of sexual violence as a weapon of war and armed conflict""",2018,967,peace,2,"""for their efforts to end the use of sexual violence as a weapon of war and armed conflict"""
2018,966,Denis,Mukwege,peace,2,"""for their efforts to end the use of sexual violence as a weapon of war and armed conflict""",2018,966,peace,2,"""for their efforts to end the use of sexual violence as a weapon of war and armed conflict"""
2018,965,Sir Gregory P.,Winter,chemistry,4,"""for the phage display of peptides and antibodies""",2018,965,chemistry,4,"""for the phage display of peptides and antibodies"""
2018,964,George P.,Smith,chemistry,4,"""for the phage display of peptides and antibodies""",2018,964,chemistry,4,"""for the phage display of peptides and antibodies"""
2018,963,Frances H.,Arnold,chemistry,2,"""for the directed evolution of enzymes""",2018,963,chemistry,2,"""for the directed evolution of enzymes"""
2018,961,Gérard,Mourou,physics,4,"""for their method of generating high-intensity ultra-short optical pulses""",2018,961,physics,4,"""for their method of generating high-intensity ultra-short optical pulses"""
2018,960,Arthur,Ashkin,physics,2,"""for the optical tweezers and their application to biological systems""",2018,960,physics,2,"""for the optical tweezers and their application to biological systems"""
2018,959,Tasuku,Honjo,medicine,2,"""for their discovery of cancer therapy by inhibition of negative immune regulation""",2018,959,medicine,2,"""for their discovery of cancer therapy by inhibition of negative immune regulation"""
2018,958,James P.,Allison,medicine,2,"""for their discovery of cancer therapy by inhibition of negative immune regulation""",2018,958,medicine,2,"""for their discovery of cancer therapy by inhibition of negative immune regulation"""
2018,962,Donna,Strickland,physics,4,"""for their method of generating high-intensity ultra-short optical pulses""",2018,962,physics,4,"""for their method of generating high-intensity ultra-short optical pulses"""
2019,978,Akira,Yoshino,chemistry,3,"""for the development of lithium-ion batteries""",2019,978,chemistry,3,"""for the development of lithium-ion batteries"""
2019,982,Abhijit,Banerjee,economics,3,"""for their experimental approach to alleviating global poverty""",2019,982,economics,3,"""for their experimental approach to alleviating global poverty"""
2019,984,Michael,Kremer,economics,3,"""for their experimental approach to alleviating global poverty""",2019,984,economics,3,"""for their experimental approach to alleviating global poverty"""
2019,980,Peter,Handke,literature,1,"""for an influential work that with linguistic ingenuity has explored the periphery and the specificity of human experience""",2019,980,literature,1,"""for an influential work that with linguistic ingenuity has explored the periphery and the specificity of human experience"""
2019,983,Esther,Duflo,economics,3,"""for their experimental approach to alleviating global poverty""",2019,983,economics,3,"""for their experimental approach to alleviating global poverty"""
2019,977,M. Stanley,Whittingham,chemistry,3,"""for the development of lithium-ion batteries""",2019,977,chemistry,3,"""for the development of lithium-ion batteries"""
2019,981,Abiy,Ahmed Ali,peace,1,"""for his efforts to achieve peace and international cooperation and in particular for his decisive initiative to resolve the border conflict with neighbouring Eritrea""",2019,981,peace,1,"""for his efforts to achieve peace and international cooperation and in particular for his decisive initiative to resolve the border conflict with neighbouring Eritrea"""
2019,975,Didier,Queloz,physics,4,"""for the discovery of an exoplanet orbiting a solar-type star""",2019,975,physics,4,"""for the discovery of an exoplanet orbiting a solar-type star"""
2019,974,Michel,Mayor,physics,4,"""for the discovery of an exoplanet orbiting a solar-type star""",2019,974,physics,4,"""for the discovery of an exoplanet orbiting a solar-type star"""
2019,973,James,Peebles,physics,2,"""for theoretical discoveries in physical cosmology""",2019,973,physics,2,"""for theoretical discoveries in physical cosmology"""
2019,972,Gregg,Semenza,medicine,3,"""for their discoveries of how cells sense and adapt to oxygen availability""",2019,972,medicine,3,"""for their discoveries of how cells sense and adapt to oxygen availability"""
2019,971,Peter,Ratcliffe,medicine,3,"""for their discoveries of how cells sense and adapt to oxygen availability""",2019,971,medicine,3,"""for their discoveries of how cells sense and adapt to oxygen availability"""
2019,970,William,Kaelin,medicine,3,"""for their discoveries of how cells sense and adapt to oxygen availability""",2019,970,medicine,3,"""for their discoveries of how cells sense and adapt to oxygen availability"""
2019,976,John,Goodenough,chemistry,3,"""for the development of lithium-ion batteries""",2019,976,chemistry,3,"""for the development of lithium-ion batteries"""
2020,996,Robert,Wilson,economics,2,"""for improvements to auction theory and inventions of new auction formats""",2020,996,economics,2,"""for improvements to auction theory and inventions of new auction formats"""
2020,995,Paul,Milgrom,economics,2,"""for improvements to auction theory and inventions of new auction formats""",2020,995,economics,2,"""for improvements to auction theory and inventions of new auction formats"""
2020,994,World Food Programme,,peace,1,"""for its efforts to combat hunger for its contribution to bettering conditions for peace in conflict-affected areas and for acting as a driving force in efforts to prevent the use of hunger as a weapon of war and conflict""",2020,994,peace,1,"""for its efforts to combat hunger for its contribution to bettering conditions for peace in conflict-affected areas and for acting as a driving force in efforts to prevent the use of hunger as a weapon of war and conflict"""
2020,993,Louise,Glück,literature,1,"""for her unmistakable poetic voice that with austere beauty makes individual existence universal""",2020,993,literature,1,"""for her unmistakable poetic voice that with austere beauty makes individual existence universal"""
2020,992,Jennifer A.,Doudna,chemistry,2,"""for the development of a method for genome editing""",2020,992,chemistry,2,"""for the development of a method for genome editing"""
2020,991,Emmanuelle,Charpentier,chemistry,2,"""for the development of a method for genome editing""",2020,991,chemistry,2,"""for the development of a method for genome editing"""
2020,989,Reinhard,Genzel,physics,4,"""for the discovery of a supermassive compact object at the centre of our galaxy""",2020,989,physics,4,"""for the discovery of a supermassive compact object at the centre of our galaxy"""
2020,988,Roger,Penrose,physics,2,"""for the discovery that black hole formation is a robust prediction of the general theory of relativity""",2020,988,physics,2,"""for the discovery that black hole formation is a robust prediction of the general theory of relativity"""
2020,987,Charles,Rice,medicine,3,"""for the discovery of Hepatitis C virus""",2020,987,medicine,3,"""for the discovery of Hepatitis C virus"""
2020,986,Michael,Houghton,medicine,3,"""for the discovery of Hepatitis C virus""",2020,986,medicine,3,"""for the discovery of Hepatitis C virus"""
2020,985,Harvey,Alter,medicine,3,"""for the discovery of Hepatitis C virus""",2020,985,medicine,3,"""for the discovery of Hepatitis C virus"""
2020,990,Andrea,Ghez,physics,4,"""for the discovery of a supermassive compact object at the centre of our galaxy""",2020,990,physics,4,"""for the discovery of a supermassive compact object at the centre of our galaxy"""
2021,1004,Abdulrazak,Gurnah,literature,1,"""for his uncompromising and compassionate penetration of the effects of colonialism and the fate of the refugee in the gulf between cultures and continents""",2021,1004,literature,1,"""for his uncompromising and compassionate penetration of the effects of colonialism and the fate of the refugee in the gulf between cultures and continents"""
2021,1008,Joshua,Angrist,economics,4,"""for their methodological contributions to the analysis of causal relationships""",2021,1008,economics,4,"""for their methodological contributions to the analysis of causal relationships"""
2021,1007,David,Card,economics,2,"""for his empirical contributions to labour economics""",2021,1007,economics,2,"""for his empirical contributions to labour economics"""
2021,1006,Dmitry,Muratov,peace,2,"""for their efforts to safeguard freedom of expression which is a precondition for democracy and lasting peace""",2021,1006,peace,2,"""for their efforts to safeguard freedom of expression which is a precondition for democracy and lasting peace"""
2021,1009,Guido,Imbens,economics,4,"""for their methodological contributions to the analysis of causal relationships""",2021,1009,economics,4,"""for their methodological contributions to the analysis of causal relationships"""
2021,1005,Maria,Ressa,peace,2,"""for their efforts to safeguard freedom of expression which is a precondition for democracy and lasting peace""",2021,1005,peace,2,"""for their efforts to safeguard freedom of expression which is a precondition for democracy and lasting peace"""
2021,1003,David,MacMillan,chemistry,2,"""for the development of asymmetric organocatalysis""",2021,1003,chemistry,2,"""for the development of asymmetric organocatalysis"""
2021,999,Syukuro,Manabe,physics,4,"""for the physical modelling of Earth’s climate quantifying variability and reliably predicting global warming""",2021,999,physics,4,"""for the physical modelling of Earth’s climate quantifying variability and reliably predicting global warming"""
2021,1001,Giorgio,Parisi,physics,2,"""for the discovery of the interplay of disorder and fluctuations in physical systems from atomic to planetary scales""",2021,1001,physics,2,"""for the discovery of the interplay of disorder and fluctuations in physical systems from atomic to planetary scales"""
2021,1000,Klaus,Hasselmann,physics,4,"""for the physical modelling of Earth’s climate quantifying variability and reliably predicting global warming""",2021,1000,physics,4,"""for the physical modelling of Earth’s climate quantifying variability and reliably predicting global warming"""
2021,998,Ardem,Patapoutian,medicine,2,"""for their discoveries of receptors for temperature and touch""",2021,998,medicine,2,"""for their discoveries of receptors for temperature and touch"""
2021,997,David,Julius,medicine,2,"""for their discoveries of receptors for temperature and touch""",2021,997,medicine,2,"""for their discoveries of receptors for temperature and touch"""
2021,1002,Benjamin,List,chemistry,2,"""for the development of asymmetric organocatalysis""",2021,1002,chemistry,2,"""for the development of asymmetric organocatalysis"""
2022,1021,Ben,Bernanke,economics,3,"""for research on banks and financial crises""",2022,1021,economics,3,"""for research on banks and financial crises"""
2022,1020,Center for Civil Liberties,,peace,3,"""The Peace Prize laureates represent civil society in their home countries. They have for many years promoted the right to criticise power and protect the fundamental rights of citizens. They have made an outstanding effort to document war crimes human right abuses and the abuse of power. Together they demonstrate the significance of civil society for peace and democracy.""",2022,1020,peace,3,"""The Peace Prize laureates represent civil society in their home countries. They have for many years promoted the right to criticise power and protect the fundamental rights of citizens. They have made an outstanding effort to document war crimes human right abuses and the abuse of power. Together they demonstrate the significance of civil society for peace and democracy."""
2022,1019,Memorial,,peace,3,"""The Peace Prize laureates represent civil society in their home countries. They have for many years promoted the right to criticise power and protect the fundamental rights of citizens. They have made an outstanding effort to document war crimes human right abuses and the abuse of power. Together they demonstrate the significance of civil society for peace and democracy.""",2022,1019,peace,3,"""The Peace Prize laureates represent civil society in their home countries. They have for many years promoted the right to criticise power and protect the fundamental rights of citizens. They have made an outstanding effort to document war crimes human right abuses and the abuse of power. Together they demonstrate the significance of civil society for peace and democracy."""
2022,1018,Ales,Bialiatski,peace,3,"""The Peace Prize laureates represent civil society in their home countries. They have for many years promoted the right to criticise power and protect the fundamental rights of citizens. They have made an outstanding effort to document war crimes human right abuses and the abuse of power. Together they demonstrate the significance of civil society for peace and democracy.""",2022,1018,peace,3,"""The Peace Prize laureates represent civil society in their home countries. They have for many years promoted the right to criticise power and protect the fundamental rights of citizens. They have made an outstanding effort to document war crimes human right abuses and the abuse of power. Together they demonstrate the significance of civil society for peace and democracy."""
2022,1017,Annie,Ernaux,literature,1,"""for the courage and clinical acuity with which she uncovers the roots estrangements and  collective restraints of personal memory""",2022,1017,literature,1,"""for the courage and clinical acuity with which she uncovers the roots estrangements and  collective restraints of personal memory"""
2022,1016,Morten,Meldal,chemistry,3,"""for the development of click chemistry and bioorthogonal chemistry""",2022,1016,chemistry,3,"""for the development of click chemistry and bioorthogonal chemistry"""
2022,1014,Anton,Zeilinger,physics,3,"""for experiments with entangled photons establishing the violation of Bell inequalities and  pioneering quantum information science""",2022,1014,physics,3,"""for experiments with entangled photons establishing the violation of Bell inequalities and  pioneering quantum information science"""
2022,1013,John F.,Clauser,physics,3,"""for experiments with entangled photons establishing the violation of Bell inequalities and  pioneering quantum information science""",2022,1013,physics,3,"""for experiments with entangled photons establishing the violation of Bell inequalities and  pioneering quantum information science"""
2022,1012,Alain,Aspect,physics,3,"""for experiments with entangled photons establishing the violation of Bell inequalities and  pioneering quantum information science""",2022,1012,physics,3,"""for experiments with entangled photons establishing the violation of Bell inequalities and  pioneering quantum information science"""
2022,1011,Svante,Pääbo,medicine,1,"""for his discoveries concerning the genomes of extinct hominins and human evolution""",2022,1011,medicine,1,"""for his discoveries concerning the genomes of extinct hominins and human evolution"""
2022,743,Barry,Sharpless,chemistry,3,"""for the development of click chemistry and bioorthogonal chemistry""",2001,743,chemistry,2,"""for his work on chirally catalysed oxidation reactions"""
2022,743,Barry,Sharpless,chemistry,3,"""for the development of click chemistry and bioorthogonal chemistry""",2022,743,chemistry,3,"""for the development of click chemistry and bioorthogonal chemistry"""
2022,1022,Douglas,Diamond,economics,3,"""for research on banks and financial crises""",2022,1022,economics,3,"""for research on banks and financial crises"""
2022,1015,Carolyn,Bertozzi,chemistry,3,"""for the development of click chemistry and bioorthogonal chemistry""",2022,1015,chemistry,3,"""for the development of click chemistry and bioorthogonal chemistry"""
2022,1023,Philip,Dybvig,economics,3,"""for research on banks and financial crises""",2022,1023,economics,3,"""for research on banks and financial crises"""
